transaction_id,drink_id,user,customer_age,day,month,time
821ee3e6-e947-4afe-9ffa-f29b53d352e0,2,Mock Data,79,1,7,5
cdb267dd-3423-4cac-941b-5d7c4f386973,1,Mock Data,71,3,11,2
8d688b68-21e9-491e-add0-1cb3b9a93e88,7,Mock Data,54,3,11,16
ed7a85d2-ef0d-4a6c-a8bd-391f67b1bd91,5,Mock Data,87,3,6,15
8f1324c2-dbc0-4940-b9eb-d7493f738c1a,1,Mock Data,70,1,4,16
bd0d2259-17d1-4884-9c5a-a7ac73228a3c,3,Mock Data,33,2,11,9
8c6f5e59-500f-4c06-90bd-385718cdefda,3,Mock Data,44,2,10,13
35d4fb72-0e50-4c94-b575-c72292b1b370,3,Mock Data,65,3,2,20
9e4ef9cd-a3f2-4f08-a6dc-7b400007ca69,5,Mock Data,71,3,2,11
ee296f65-60c0-4fc4-b5e0-e9c7646743f8,3,Mock Data,68,0,6,15
935cda1c-2b77-4191-8729-0a61714a599a,4,Mock Data,56,4,7,4
b50fc1dc-06e4-4f6c-af5f-a5ca1e90ee79,1,Mock Data,92,6,8,8
baa64759-4240-4add-bf21-726b9217faee,2,Mock Data,85,4,11,3
ff11842b-ecf5-4955-b38d-6dfccb571a78,6,Mock Data,35,0,5,9
602c123e-6e83-4455-aee4-b3665f800c38,3,Mock Data,25,5,3,10
e40bfc0b-7e1a-4562-921e-d93b1be0518c,7,Mock Data,68,4,8,5
32001181-bed1-4a20-a701-3f220caa9973,6,Mock Data,89,6,10,14
b5ea60fe-1190-4695-b5c3-199aa044f29f,7,Mock Data,47,6,0,13
b9a98eca-2870-4ff0-acea-6cdb08341ba0,5,Mock Data,40,5,8,12
8b991e2e-4bbd-451a-a537-9ae88a1c1d7f,2,Mock Data,98,6,3,11
d306a1b3-4b31-4a1e-a02d-665ca08542ef,3,Mock Data,22,3,9,12
fb4b38d3-5ed1-4f10-a317-5f70bc29792a,4,Mock Data,53,0,0,12
73a2b8ed-7a18-4b9e-ad4b-1524c37649e0,1,Mock Data,78,1,6,4
3a1fca0f-c87e-4dbf-ae12-e76cec894147,7,Mock Data,35,2,4,9
0cedf775-b84f-46f0-8f6a-ef6d1f24a27f,1,Mock Data,63,0,8,21
e7265c69-4957-42e7-b971-50eebfced9d6,3,Mock Data,33,1,5,19
aa32b69a-896e-4ba0-8f68-8853aaa79565,5,Mock Data,27,5,4,22
e95a461d-926d-4834-aa69-0d688a4fa84d,2,Mock Data,28,5,3,6
bd08f60e-3c49-4551-b7a8-422c10a0fd23,2,Mock Data,67,0,1,19
ad4dbe0f-c23c-4fa4-b607-38227d1c63f4,2,Mock Data,92,0,11,13
81e3772f-3262-45cb-bde4-db1ca23bc240,1,Mock Data,82,3,2,15
1dded215-3cb5-4f88-85f1-1d06a9027cbd,2,Mock Data,96,5,4,10
451c7754-018e-4571-b196-bb9ce47e5c00,3,Mock Data,29,3,11,3
be4e53f4-12f2-4c62-b87b-e558014368d4,4,Mock Data,41,3,7,23
8933e74f-fc93-4f3f-876e-fb78d93884d4,6,Mock Data,26,4,6,3
ae0d2c6f-22a2-4c2a-a8f7-5ada3fda28b9,6,Mock Data,59,4,7,17
a4b7180c-b2af-40a9-a658-ac5a98059ca7,1,Mock Data,30,2,6,10
8829e3ac-b933-44fb-b15c-8cd21497921d,2,Mock Data,78,4,7,1
53d72b70-3668-4cbd-a0c1-cf5ca1123d10,6,Mock Data,73,2,8,17
0be0835f-227a-47ee-ae01-8657606487af,4,Mock Data,90,2,7,4
6fc401d1-2a93-494f-8fc7-f43e94ed828d,4,Mock Data,72,0,0,17
34899f22-1ad7-44e1-804a-18a94b37ba24,2,Mock Data,34,0,11,21
0d5c44dd-1f2e-49c3-a600-a833b6330352,6,Mock Data,97,1,2,21
2848669b-ecdf-4199-ba4d-5ad6e57e3e52,3,Mock Data,74,2,1,7
019182f5-111f-4ab8-8950-0094e841f7d7,6,Mock Data,89,4,8,7
7b8b1c95-de76-4586-8e5c-152218ac3841,2,Mock Data,65,2,3,13
bd3c37ee-305c-46bb-865d-34cfc867bcec,7,Mock Data,68,6,11,12
f7a21b3a-333a-4513-9fba-4f8072f80e47,7,Mock Data,65,3,4,5
3106ba31-144d-4c22-9c25-bb64f3331618,3,Mock Data,57,6,0,15
725b4c91-5036-49d4-8c58-baba79f84969,4,Mock Data,62,2,6,4
02f60180-1f13-4a41-b1c5-0a3e254581c0,3,Mock Data,58,2,10,16
ff9f41b6-3e71-48b7-a02f-1ca3d52a7272,1,Mock Data,80,1,6,21
5dde1af0-7043-48bc-ab16-557280b31f4f,7,Mock Data,97,4,5,22
12e9f49b-07da-41a1-9bc3-77869ad381cb,7,Mock Data,52,3,1,11
4079bd8a-47e4-4724-a5d5-02af2a3a3937,2,Mock Data,57,5,11,12
5ddd2c2e-24a7-4bbb-9e07-a9cef650558d,5,Mock Data,67,3,10,8
866b8d69-8867-4016-91dd-3025f2903822,2,Mock Data,40,1,5,2
7c32bdd0-6690-433f-9eae-0f60486abf8b,7,Mock Data,84,3,0,16
b2d6cb1b-d0a2-40e4-86db-a541a747088d,4,Mock Data,82,6,6,9
1edee76a-05f6-4f02-a2de-b3d5cd180946,3,Mock Data,36,5,11,18
0cf59b55-8853-4094-8114-344ace3e1950,3,Mock Data,25,0,11,11
eca82afd-3e63-46c3-8aea-57115908255a,6,Mock Data,50,2,5,0
4dc89861-d2c9-48b1-9e63-87a2f4088536,5,Mock Data,64,0,8,22
b33b89f2-3917-483e-be93-e1292822f194,7,Mock Data,81,2,7,8
593dcb02-244c-4ddd-ba7b-1505f7eb6c38,5,Mock Data,86,6,10,3
78278c3e-0824-4fe1-8492-7b45daa220f9,7,Mock Data,79,0,1,11
b9b846ec-c513-47f8-93cf-1a77c8c7789c,3,Mock Data,47,3,10,9
e482ea94-b5c9-4489-91ef-1a0aee7f7fff,3,Mock Data,39,1,11,15
c03efbab-8198-4442-9236-df54a0b8598e,3,Mock Data,32,3,1,23
86768da5-865e-4e6e-bd6f-5747df8ff9b8,5,Mock Data,91,4,9,7
c5781f12-e4ec-4584-91e6-f3c67642a954,6,Mock Data,64,4,1,21
318031b2-b4e8-4406-9aa8-792457cafe39,3,Mock Data,62,3,0,4
881298f1-8e25-4e76-8525-a3b24ea6e4be,5,Mock Data,39,2,1,16
8ef4eacd-7f36-45f9-b721-2c2ca49d399a,5,Mock Data,74,2,5,10
9a172556-f6a1-4702-a662-e49e12505d0e,7,Mock Data,72,4,5,21
ddf1675a-ec8b-4ceb-abce-488c931454fe,2,Mock Data,70,4,6,18
607331bc-353b-48a1-bf60-7cbe86617142,5,Mock Data,85,1,1,15
603d7e91-8cf4-46d5-a351-7344e6a60b50,5,Mock Data,24,4,7,9
c5d8a8d1-427e-43bd-98c0-ff25841cd9cd,7,Mock Data,56,1,4,22
c0a5c801-6863-4517-95f8-0be309bd6d01,2,Mock Data,22,0,3,9
314f7c68-21c1-4fe2-82fa-09b419d9d14b,7,Mock Data,90,2,7,5
77b2a2f2-5f75-4fa8-bd77-271340895f68,4,Mock Data,34,1,1,7
540d301c-51bc-4e1d-aa35-fb9284b56716,4,Mock Data,61,2,5,13
409c8baf-e7aa-4416-9e81-a639829c1cc7,4,Mock Data,40,6,1,9
bd147c48-c875-4232-b1a5-d73d7ce75442,7,Mock Data,61,4,6,16
47180d1e-395f-4ef7-b20c-3861b2d80a8f,7,Mock Data,48,3,9,15
430423b3-3fa9-4b70-a0da-97738e28f2c4,3,Mock Data,97,3,5,14
78102220-c2a2-4562-a530-01b0f57e4b60,7,Mock Data,44,4,9,5
72c80967-0bd6-4e67-9687-4186c8c09da2,1,Mock Data,70,3,4,3
48a4aa12-41d3-4a19-930b-d020b97040b8,1,Mock Data,50,6,0,3
a75eee7f-dd6d-4e4d-80b0-e87237d63e59,6,Mock Data,27,5,9,12
24e13a00-e6ad-4e84-a3c5-5b1b5aca99ee,2,Mock Data,94,6,10,4
f52ac080-ba15-4ea9-a0f9-e904c147e52d,6,Mock Data,76,6,11,8
74f853dd-8e5b-40f5-93a4-73be6a550e2e,7,Mock Data,24,6,4,18
082e05b0-81a1-4673-80ee-050bf79a492e,5,Mock Data,22,2,6,5
2a10c4fa-978e-4f60-830f-4aedc21db32c,4,Mock Data,36,0,4,14
d68908a5-663b-4505-bd38-adfd3150ec30,5,Mock Data,47,1,4,16
4e55ce01-bab9-450c-86c9-7dfee83b93e4,4,Mock Data,39,5,2,5
c9674c38-3cb0-4371-ad29-c287a2e482aa,5,Mock Data,76,4,2,18
3c481666-851d-4d43-bf0b-56b8e6bc5754,1,Mock Data,52,6,7,4
b1d85c46-5f1b-4c16-82b3-eafdb350c010,3,Mock Data,91,4,9,23
1ef12495-caac-4d3a-b01f-f720f4a8551d,7,Mock Data,97,6,7,9
6ef44d11-f430-496e-b3dc-e73908ee2e04,1,Mock Data,46,4,0,11
466aad8e-f1c9-4c28-ada1-3607d806b478,5,Mock Data,58,0,6,22
065a5e11-f749-44dd-bde7-94c0795978f5,4,Mock Data,38,5,0,20
83c068d6-34c7-411b-b25a-98d89b8ad9c5,6,Mock Data,36,3,1,0
611bb31a-cb00-484d-9071-55d0cdf3ad73,7,Mock Data,87,0,2,16
073f562d-3b50-4633-b2c8-8887af196cd9,6,Mock Data,27,6,7,17
a4d64a52-5a8f-4d19-9dbd-ee7376f9efad,1,Mock Data,83,2,0,10
7356cb28-eff9-43ed-8b1f-0c3ba0cb0cb6,4,Mock Data,41,1,3,3
5cfbbefa-ca71-4238-b64d-4be1cf8f0fde,6,Mock Data,23,1,8,10
c8a6bc67-5ce1-4e83-b2bb-19579f1c6fdf,7,Mock Data,41,5,4,0
f5219b4e-b474-4bdf-a77e-54f2ebb9ab91,5,Mock Data,80,5,0,6
aca50b0a-8423-42fd-9f08-d1dec3f7f27e,2,Mock Data,44,6,2,17
0aec3908-f6cc-48f3-a743-c792bd39ef78,6,Mock Data,87,0,11,19
5b2b9312-bfac-477d-8ea6-11b2b62f1523,3,Mock Data,82,1,3,22
b68b6ff2-c0c7-4691-a9ee-0fbe7263ac40,5,Mock Data,74,6,8,20
5eb50828-a395-4699-a313-48170609cc5c,2,Mock Data,70,2,6,6
7523c0c8-a4d7-4470-8fee-6b60803c1e1d,3,Mock Data,83,6,4,22
e9d3db5d-1fd7-4aa8-ade1-5039b1cae967,6,Mock Data,80,3,0,16
9c267e82-eeb5-499a-9871-8c736c437d93,2,Mock Data,93,1,8,14
a80b5c56-26df-4026-9a6d-56ea9159360c,4,Mock Data,55,5,11,12
777d73ba-3bd6-4fb6-bb50-e5ba40611260,3,Mock Data,60,3,9,12
687e2934-efa6-4a50-8bf9-194362ceb28d,5,Mock Data,63,2,1,1
106971a7-32a9-44e9-904f-3e5353e51067,7,Mock Data,23,5,0,6
69768df8-5292-4751-8c78-701ef4466f08,5,Mock Data,88,4,1,6
75089974-4a09-49d6-9c16-7c62739f39c6,3,Mock Data,77,3,10,3
a2e70e36-f9b2-4f41-b416-354c5588f757,3,Mock Data,63,6,11,1
c587a1a5-6ba3-4f06-8b04-9efa692e5b58,1,Mock Data,76,2,3,12
17833ead-f337-40af-90bc-6e2d184d72c7,1,Mock Data,58,4,11,17
8d79d273-5b32-4ce6-bf0e-294b888525b1,6,Mock Data,88,3,9,11
03fdedff-f1a8-43e4-aa43-36301d3203d0,2,Mock Data,67,6,10,8
6822a590-f77a-42b3-9f4a-b35a2638a52b,1,Mock Data,86,1,8,6
23d76f92-ae91-4f2e-9063-4a0177f1e762,3,Mock Data,64,0,5,6
7f532338-038e-4ba5-ae8e-087999be949b,3,Mock Data,71,2,8,6
9cc08f22-3b67-4c8f-beda-dfd6012bee01,4,Mock Data,33,3,1,14
dbfd3ace-4925-4f0b-a9e0-c665978d73e1,6,Mock Data,95,6,9,23
3dd04527-a838-472c-903d-b6ceb17df4ea,1,Mock Data,66,4,9,13
5f7e1f74-d70b-4224-8af0-1eeff0cdca7c,7,Mock Data,41,3,1,12
42e1e552-89e7-4a46-bba1-a9e00d92ca16,7,Mock Data,79,1,6,14
fdefe3c4-820d-409d-8846-30db1175e9b9,4,Mock Data,61,6,4,11
47f25064-1093-41b5-85dd-b266ef2b40ef,2,Mock Data,65,2,7,3
03a8ebc6-8f44-4a9b-a820-ae91ddf2a95e,3,Mock Data,44,2,7,2
43a3c380-a5c0-4649-b370-5ee46a6e14b8,3,Mock Data,53,4,3,10
898438f5-721d-4f13-9aee-65023e1719ee,5,Mock Data,28,3,0,4
f3e45f79-1076-4ba7-8104-0299fac24609,1,Mock Data,69,3,10,16
c6180c96-5a49-4d86-8d4e-0fdc68947c67,7,Mock Data,59,6,2,3
01ebf076-9b47-4ecb-b296-ab824e9bab42,7,Mock Data,88,6,4,8
d7c4bd23-1b5f-408a-9063-49cd6a6d4342,6,Mock Data,32,4,7,22
86986fdc-7b49-4549-84e7-8c345ccdb9bd,7,Mock Data,96,0,3,8
1cc80b22-8f33-4753-91bb-1bf755f1b2e6,4,Mock Data,90,1,10,14
83ad0a95-963a-473b-a685-8d66360cb5f8,4,Mock Data,65,6,6,0
2ba685d7-ed3d-497a-84ce-b50fd81336de,1,Mock Data,50,4,5,5
78264562-babb-4259-8ec8-068d9e8aab45,1,Mock Data,41,6,6,19
ce7cfe40-37d5-44fb-ad7f-780f727908dd,7,Mock Data,53,4,1,16
c8640956-310b-4fbb-9da4-3e22f268d94a,6,Mock Data,53,3,2,19
ec367119-a3a4-4ff8-b12e-974408f5c7bb,3,Mock Data,68,4,7,13
3e24f954-5794-4b6c-ae6d-a1179fa79bc8,7,Mock Data,96,0,4,19
367e26d0-7e65-4741-8f95-6940d2eec2b0,3,Mock Data,55,4,10,1
570d0cec-6f53-4d0a-a27b-361770d0a296,1,Mock Data,91,3,5,10
f6caa19f-4832-4ea8-8e49-ce1e4cdfd0c4,4,Mock Data,29,3,4,3
a4a10cb6-15fe-4c60-a9a9-e07cfdb40eb4,7,Mock Data,59,3,2,10
81c5c8af-64a4-4c22-b5d8-371bca4e9531,7,Mock Data,53,4,9,18
3e06995d-71b9-4a41-b3b5-eddff567ff65,6,Mock Data,68,1,11,8
d97169e3-9ca5-44ad-b5db-1edd33bc7707,1,Mock Data,93,6,5,19
969c3778-9f6e-42e0-82e4-5764b1df14fc,6,Mock Data,22,5,7,15
1bbaa66c-f736-4e25-8609-07f3db925830,2,Mock Data,21,3,8,18
a034139b-9ac8-4720-868b-b7acfe873d8c,3,Mock Data,38,1,5,0
4cc29637-022d-47d7-ada0-cc66d66a786d,6,Mock Data,70,0,11,7
fc098d69-4dc1-480d-b816-2a68596db77e,6,Mock Data,95,1,5,21
b6ea165c-1cff-4929-85ee-2c66afdc4cc2,5,Mock Data,53,1,2,17
7870e465-ae90-45c6-8c71-cb084b6e3bee,6,Mock Data,63,2,4,14
e1bd57c6-e2bb-475a-ae5e-a0adc9353cbe,5,Mock Data,52,0,11,9
a2e96653-02c5-4fbf-afda-fa388d108ac9,6,Mock Data,86,3,0,11
0fffa122-7e88-43d9-8b66-092f4bcdf949,5,Mock Data,69,0,7,16
af7bf5e8-ba8f-4603-9c2a-9a904b0c0e8d,3,Mock Data,67,2,11,22
003d1be9-3eb1-4aa1-a0f8-8a1a25f89e70,7,Mock Data,61,1,11,7
09ec3561-8a44-40e5-8f03-08a4eba5a786,2,Mock Data,82,0,0,9
4a4e581d-fa81-429e-b7f1-d1dbbc9a2f82,5,Mock Data,43,4,4,7
3ea8c9e5-75db-42e4-9732-17da2d1fe035,7,Mock Data,90,2,3,23
2a16d8bf-3b0b-4085-83c1-1b96655163c6,6,Mock Data,48,1,11,23
715ebbdf-d0d3-491a-8b47-60509a6e84d1,4,Mock Data,86,6,11,6
973eb674-ca57-4c3f-94db-18d5829c207f,4,Mock Data,66,5,4,3
e361ee7a-03bc-48ff-81b3-8a55779e41de,3,Mock Data,83,3,5,20
1d1c0ed7-6133-4b10-b0ff-8cb4b793a236,7,Mock Data,80,4,10,9
9440891d-611b-4556-b0dd-b243483039fe,5,Mock Data,95,6,3,23
eaab264c-fca5-43dc-a9a4-82499feb8b7c,2,Mock Data,56,0,8,7
07924fa8-b1fa-4faa-91c9-8e7d9b11b1af,7,Mock Data,68,5,2,19
7463651f-d439-47cc-b7f1-d30f4a5b52ba,1,Mock Data,66,3,7,0
ac444f40-b886-4e8f-9540-fcdf214d13c4,5,Mock Data,34,6,9,23
e41caf79-a281-4787-950b-868416e5ad99,4,Mock Data,56,3,5,23
ad2142c0-66be-483f-8cf6-ac47acdb2287,5,Mock Data,81,0,8,23
d900ff80-7c3d-47a5-9ee4-cb4fbc1088bd,5,Mock Data,80,6,6,8
a457deaa-2de1-4af3-8552-cba162d7abd2,1,Mock Data,28,5,6,20
c336925c-a8b6-47c9-ab4b-3e12e9fe44af,1,Mock Data,72,1,5,10
f3ef737c-d326-46bd-9979-2879766c57ce,4,Mock Data,45,2,6,9
b686db74-6e42-420b-b0e3-91ec6dfce9bf,7,Mock Data,63,2,3,16
85ff8fbb-7be4-4b2a-bd25-105ef1c6194d,1,Mock Data,40,5,8,21
13cbc2bc-e47d-44dd-968c-4e7bdadc6f4a,5,Mock Data,83,5,7,12
d17f383b-62c6-41fd-afe5-68c6f5b14db7,2,Mock Data,48,3,4,14
56816376-2a33-4c8a-adf8-5a8bd997d1b4,2,Mock Data,91,0,8,7
6a30be44-4d9c-4397-973f-8c2881ceea74,3,Mock Data,42,0,5,16
fbb5e190-595f-4c65-bdc9-abd78f9d9f1e,1,Mock Data,49,1,8,3
9e31910d-7b7c-4c39-a682-4dab58436657,4,Mock Data,67,4,2,22
c37b88b9-d493-4383-b118-d19a2a8d6a8e,4,Mock Data,66,0,4,1
d3ac1b5a-959d-4f4a-9479-931aa6803436,5,Mock Data,78,3,7,22
f707d62a-89f5-4963-879d-6be3103dc743,5,Mock Data,22,6,5,11
b895c817-b2dc-4bd0-a2f5-4a149fdfbfdc,7,Mock Data,56,4,4,22
4d31873d-ba7d-449e-8eb8-f103d5b7dd90,7,Mock Data,21,0,2,4
d6ba4e23-a54c-48dd-ba4a-33ffd4816ea3,7,Mock Data,26,4,3,13
5d498293-79dc-498e-9373-13a98a19b861,6,Mock Data,32,5,0,17
3cce4780-0d67-4545-a943-7dfb1da5e543,6,Mock Data,93,6,3,0
adeb71b3-53f0-4b02-920f-8a30b971b6d6,5,Mock Data,58,1,1,16
66ea4ca9-86b9-4ac2-9167-4d508c4a758a,2,Mock Data,28,1,5,20
ec643013-5717-4592-9226-646258d7b0f6,7,Mock Data,96,0,1,23
4bde52ec-0485-4dec-b610-2bc8fe9fa797,1,Mock Data,85,3,5,0
fe1ab127-3853-41ca-837d-23bc6185d870,7,Mock Data,53,3,11,3
16be682b-cd7c-4024-8af4-93d21494ae15,7,Mock Data,85,5,1,11
09085cff-78e5-4d69-a934-ee92a02f9de7,6,Mock Data,84,1,10,1
d2f91cd2-47b4-471f-b295-33dd22fcaafd,3,Mock Data,63,1,10,9
73774518-555e-4cef-9cbc-9eae2d3b2890,1,Mock Data,55,0,5,15
5aa103ab-0d51-490e-a0e7-68aea59b2cfb,6,Mock Data,41,4,0,10
62f9fc7e-1139-4127-97f2-720833ed6751,2,Mock Data,84,6,6,14
d8070540-67df-4437-acbe-daff1ffd44be,7,Mock Data,38,3,9,1
c28ac148-e56f-4a9e-b53d-6454f9059b31,2,Mock Data,70,5,0,22
eb84233c-a7a1-4780-b1d7-c4761e1a8639,5,Mock Data,88,4,8,15
4ad944a6-2b25-478f-a47c-f6e3da31856e,4,Mock Data,41,4,1,1
1d4046b4-14c5-435c-833a-b4207c584bdd,7,Mock Data,80,4,3,1
3866914d-3ff6-41f8-8371-a02879b496e7,4,Mock Data,62,0,7,0
20cb09b9-b696-4213-9ca4-9e57386640bc,7,Mock Data,61,0,4,11
509ab61e-4452-46c5-9fa0-cc8431c7554a,1,Mock Data,53,5,5,4
65a19b61-6ae3-4bde-9138-1ce6c0e58c18,3,Mock Data,94,4,6,9
c8dc6ef0-4ee9-4664-a236-3243d0c4edf9,6,Mock Data,65,3,7,16
1a7f7bc7-d43b-4c4a-ae51-6ff10102bf41,5,Mock Data,79,4,10,2
4aae129f-44af-4bf8-810e-fd2253eb9508,2,Mock Data,87,3,7,6
95dfa84f-a2de-4767-88e0-9cde332d066f,3,Mock Data,42,6,6,4
55c93e59-f401-41c6-9693-3350c8afc539,5,Mock Data,46,6,9,13
2c464d95-05d9-402a-aeb1-6ed5f36e9158,4,Mock Data,56,4,2,23
e9a4d4a1-9f62-468b-be58-64b0870cc4cd,7,Mock Data,52,3,0,2
80e7d91d-d206-4d38-8c4c-c42983bf1e27,6,Mock Data,92,2,10,23
b69118e6-d45e-4b7e-a319-13c86cc6fc82,7,Mock Data,91,4,6,7
6c779c9f-ac85-49c1-b227-3011e897b789,4,Mock Data,24,1,0,3
f4da2ffb-2991-41b5-a1f2-95a25af2bb85,1,Mock Data,81,0,5,10
5c3ef73b-c13f-4ee2-af74-ce1f1b495e52,1,Mock Data,21,0,11,19
4e952b54-e255-4542-b6b6-2bed50c766dd,1,Mock Data,63,0,8,22
24ac2ed4-0dcc-44d1-b100-e36eee66179d,1,Mock Data,34,1,1,1
5c811a35-ecdf-4525-9f9c-bd8284d46a84,6,Mock Data,92,4,3,6
a88cebda-1fcb-4107-a62d-e44d02e26720,5,Mock Data,44,4,6,18
2db6979e-eb63-477a-a523-4094bb4a3f1a,7,Mock Data,69,4,5,10
bba97ca4-dfcb-4a2f-88eb-c5ad51501c1d,1,Mock Data,48,6,1,20
cd071907-fd96-42f7-8913-404ee667906f,1,Mock Data,59,4,3,15
76dc7cd8-3305-4209-ad92-04100589d019,5,Mock Data,25,1,1,16
dbbf0005-9f7e-48ff-adb4-69918e3aa20f,7,Mock Data,52,1,6,15
396608d6-cfab-4d1d-8c34-3ed3d27353a7,3,Mock Data,73,0,11,13
f0f7115c-5086-4838-b5ed-fc62404dd9f4,2,Mock Data,56,0,9,20
e482c701-7091-4946-b2e8-97531dc64e45,4,Mock Data,54,5,10,18
a179d5c6-c2e9-4cc0-891d-b305562a02f9,2,Mock Data,81,3,6,10
525a552c-04dd-4438-a38f-553983bad2df,5,Mock Data,26,1,6,11
69fde13f-fce9-41ec-b9a1-22938d7ac8ca,3,Mock Data,23,5,8,8
971b9c7d-ea82-4414-a82d-5c1d4d79714a,7,Mock Data,57,2,3,15
3085fe23-0e32-4ff0-83d1-2ea45cd7d225,3,Mock Data,85,1,6,7
1fadaabd-c95d-43cf-823b-5fa9763f6300,4,Mock Data,26,1,3,16
d86f631f-3a87-49ae-a8a5-63ffb693858a,1,Mock Data,70,3,9,15
a17bb2e7-bc48-4ac2-880c-5d75d384abe9,6,Mock Data,37,4,6,9
7e18e2ba-8f88-445c-9b88-ebffcfaac17f,3,Mock Data,22,2,2,21
87c51585-69b6-433f-b370-d84010aeaa2b,6,Mock Data,90,2,5,0
9302c676-cf57-4545-9da9-8965e0bfdffb,2,Mock Data,88,4,11,14
6a33aea4-aaab-4237-a6a3-24c6f06b6a8a,5,Mock Data,35,4,5,6
0ae6d939-cbcb-458d-a2cb-a02cc2b8f566,2,Mock Data,68,5,2,1
5418ac99-c5dd-4cff-9fbd-6ae34c5b195b,4,Mock Data,79,6,6,22
c7a9731d-ac04-4e16-905e-d0be8a46995a,1,Mock Data,41,1,11,21
f701cccc-6d9c-4653-91e7-653d8b394b7d,5,Mock Data,74,2,8,13
9617643a-3c47-4b97-b43d-29931900e4fc,4,Mock Data,63,2,4,10
0d267601-27bc-46ef-ab02-15a83a9fa5b8,2,Mock Data,48,4,2,17
013ab927-77db-4eac-8a3a-c51d12877c69,3,Mock Data,62,2,2,18
75fc048b-0186-476e-9b4c-24404b33077e,5,Mock Data,98,1,5,15
83034455-5b84-4916-b775-c8500ef7366d,6,Mock Data,90,2,4,4
c2208d24-9030-4409-95db-37b585de411f,1,Mock Data,49,0,10,1
7e8f1bab-69ef-4391-89e4-55903391f287,3,Mock Data,47,2,5,9
5854ab6c-b69e-452b-9ea1-7e13c7bfd791,5,Mock Data,55,0,10,19
3511b782-0979-401c-b2aa-8815a292522a,6,Mock Data,63,2,2,14
1b52d52a-e315-4fcf-b81b-06ee1f51d5b2,2,Mock Data,60,2,9,6
e30e87cd-cf73-47fa-83f0-b58379e16561,6,Mock Data,47,1,2,5
4b740545-2078-49c1-8f1c-81b72c9f7b50,1,Mock Data,95,5,7,8
d1bf4c43-69de-4ce7-a20f-fbdc1cf63d17,1,Mock Data,90,3,7,10
b6561671-6b76-4243-b77e-83db61fe059c,6,Mock Data,55,3,8,15
1e8f6dd6-a29f-4e6c-b758-57baa0ce941a,4,Mock Data,92,0,3,18
91ff84bf-1d46-4737-b85b-87b355a63354,7,Mock Data,39,0,7,15
ca77b291-8012-4011-8540-5aeacf8935e9,3,Mock Data,22,4,5,16
5d3a7310-7901-4c88-b47c-7c459f855a0c,7,Mock Data,59,5,11,20
fef12213-bd54-49cb-a2fc-65e17feea22a,5,Mock Data,69,2,8,7
7b12bf84-f987-42c7-a32c-c547e22e443d,2,Mock Data,27,6,7,20
c96717aa-01dd-4d87-b493-26d5f147cfb8,7,Mock Data,60,4,3,13
9f899eef-4b77-45c1-9792-f657bd4735e2,4,Mock Data,27,0,5,3
a73b3f4c-3cfa-45ac-98a4-a50c76b9a8b5,6,Mock Data,66,1,7,10
dae0e4ef-0838-463e-9c1e-2d5ab36515e4,5,Mock Data,79,0,10,3
9bbf4d55-9114-4c3b-9db2-83967c5f958d,6,Mock Data,42,4,10,14
e3bf5eb0-6709-4f68-90f5-61e907f64a26,5,Mock Data,91,6,10,15
f80b787d-e594-4db9-aa13-80e77d16309c,1,Mock Data,47,3,0,16
d41ff3a1-bcf8-4cc1-b4ef-312ed22cb2df,5,Mock Data,78,6,5,10
538a9aaf-182f-4264-8a8a-50f856aa8dd9,7,Mock Data,28,1,4,14
e3a12c3a-e9f3-49dd-bb57-1ac9f7ff9d99,2,Mock Data,30,4,1,20
a053340b-87a7-41ad-982b-e2fc50714f13,2,Mock Data,75,0,11,22
bffdd63e-8aaf-4dbb-80dd-89e29b054aa3,5,Mock Data,62,3,3,12
4df59c23-c741-401a-a558-ae5ab01b0796,2,Mock Data,70,5,1,18
f7755010-e672-40ab-92d8-932b89d96d2a,4,Mock Data,49,6,5,19
dd45d9a6-cc1c-4f5e-8bec-f57a200d6153,4,Mock Data,40,4,1,0
30de83b2-8afa-4d0b-9b43-4c5d3a352b70,3,Mock Data,49,2,2,0
1d02c72c-cbcc-4df0-81a5-1b11bb30fc51,4,Mock Data,75,1,0,17
9a9ae306-25d4-4b0c-b70b-e53a0be509e1,6,Mock Data,54,3,1,21
458e0b52-a25f-447a-82bf-98433e514f67,2,Mock Data,44,0,8,8
19623424-edf2-4a6b-9570-2927b798592c,4,Mock Data,45,5,2,7
f4d53cc2-9e2a-4052-94d3-3024bcaec4a9,2,Mock Data,29,4,7,19
e97b0b6c-2bcf-4fbe-8a27-74dcd8dba706,7,Mock Data,32,3,2,8
cfe4d1b0-b80e-4711-be70-da8c79e438ae,7,Mock Data,37,2,9,20
076b8ed5-abd0-4acd-8f84-bcd405c30872,3,Mock Data,27,4,10,23
977866e5-df49-42e4-b8c6-c3a6ae6b5f7e,3,Mock Data,78,0,3,18
c573298e-6367-40da-baf7-bf481d6d5564,1,Mock Data,37,5,6,15
0d466c0e-6fd7-4d3e-9072-3825f159f2f5,2,Mock Data,39,4,0,21
326ec862-db4f-4bc1-8fe1-7224fc3f8bee,4,Mock Data,27,4,4,22
c8515c70-4ec6-4032-aca0-dea122d4976a,1,Mock Data,63,3,6,9
47f27e80-9a64-44f3-ad27-ed94bbbb85d5,4,Mock Data,93,1,3,19
f10d2540-1be9-4c0b-94fb-4a4d31bcc6b9,7,Mock Data,58,4,8,4
89cc6125-b393-4922-b2b2-261d57d11784,4,Mock Data,95,0,9,21
2085dc29-04d5-4a61-9bb4-52c38e36fb51,4,Mock Data,83,4,6,19
297ae724-de29-4bb6-ba4e-25730599f3a0,3,Mock Data,23,0,1,20
b3e19fa8-59fd-436f-9667-a1af43f411d1,5,Mock Data,48,2,4,0
351b955c-c87c-4656-ab1a-faffc6259220,7,Mock Data,34,0,6,17
e6c9d0d1-9e0c-43bb-a4f9-051b0ab93c80,5,Mock Data,29,2,9,0
6ec18be8-3293-4dad-a607-1a5ec8940e9b,7,Mock Data,79,4,4,14
bd3c07d6-8885-48f9-ad95-d48e39a769fc,6,Mock Data,34,0,5,15
10c85d79-0775-485a-ae46-6a27d1957e02,2,Mock Data,24,6,7,11
9886b7b8-1cab-4336-beb8-afd262970ced,7,Mock Data,76,5,4,13
8757ff7b-1b47-4f08-b244-d16cfe8e6f46,7,Mock Data,64,4,4,20
e24df890-aa13-43e6-a578-eb68c1ea54cb,7,Mock Data,35,4,6,8
87350b80-d85b-44f5-bc3e-689a365d5510,4,Mock Data,54,4,8,0
5ff5dc7f-6bc1-49e2-bd88-30f9e7d4235c,7,Mock Data,38,2,1,5
68307bc1-7d06-4379-8a46-e4ae3525b809,1,Mock Data,38,0,10,15
321cbf40-7e51-4eb7-a212-6a144b735dbc,6,Mock Data,69,0,0,9
23c2145e-7815-41fc-a219-25edaf86a4f2,1,Mock Data,41,5,1,7
78f87579-e8f1-4b8a-b2a1-f1053d6a9183,5,Mock Data,44,3,6,22
247edb2c-67f6-46f0-b017-5729fa86b014,5,Mock Data,96,2,1,13
f889fa84-ae92-4411-8b8c-5a129eb54f1a,1,Mock Data,62,4,7,8
b3c7f617-66e4-4c83-9028-e664deb05e1a,7,Mock Data,64,1,5,13
6fed0d9f-4a55-42d6-bdad-04181b36b94b,5,Mock Data,88,5,1,20
4dfc6b6e-9ccd-453c-a316-95022886bea2,4,Mock Data,78,1,4,5
d12a448e-5a26-41ca-80fb-e7de0cb57f3b,3,Mock Data,77,6,11,4
faf1a03a-522a-42c1-b9de-8fecab8f0420,6,Mock Data,65,6,5,19
a4aa4559-8a26-4334-b18f-9cf9920cf43d,1,Mock Data,81,6,3,18
7454dd1e-b85e-4cb3-b13c-21216a4cd969,4,Mock Data,69,5,0,23
9477d12f-b386-428d-90f5-a455dad39d2c,2,Mock Data,54,0,2,16
ddebb359-42bc-4b34-86f5-a03ed1f1754b,7,Mock Data,76,0,6,15
a30cc434-dd22-4905-91d5-414c58d4bb8f,3,Mock Data,40,2,4,7
cb3ba491-1201-4f0e-adc1-169b27e04843,3,Mock Data,44,0,11,13
464978af-3ca4-4795-a3d8-1d2422b7c1db,1,Mock Data,68,1,0,20
357fda9c-efaf-4d52-87f3-1f204d26940f,6,Mock Data,89,2,1,17
25155cc2-679f-4123-8c27-40277644a05f,2,Mock Data,57,6,2,8
6edd6bf3-f177-4fc6-8ac8-9318c0aea14e,3,Mock Data,32,2,0,5
2a5d6e1d-a780-4e5c-b43a-f0ed1c994a54,3,Mock Data,96,3,7,8
0eb12c0e-1ee0-43d2-a870-7a9ad879fa83,1,Mock Data,24,4,3,20
2d24dae6-9048-41ec-b155-c34ba0f4fbe5,7,Mock Data,27,0,6,11
171b002a-c8b1-497b-93f7-895ffe68b15c,2,Mock Data,38,5,9,12
2a301463-6e19-422b-a9c4-48b0ff802f1b,5,Mock Data,95,4,11,9
42a8ce27-1b8f-4095-bd05-4f727ce52832,2,Mock Data,53,4,0,23
c6593073-cb76-4f39-8006-57c0d23daa15,1,Mock Data,93,4,10,22
4d41f89c-74ae-40a5-bada-e9c3a88417d2,2,Mock Data,56,2,0,10
a3cecb5e-c590-4d31-9862-2d9be174e5de,4,Mock Data,50,5,3,20
74807ce1-dcc2-490e-927f-40ff2eda16df,2,Mock Data,87,4,4,23
6c9e7524-94a4-423a-b1a8-6286f4aab67d,7,Mock Data,91,3,5,20
81bac417-fb19-4ace-a9ba-f2538b8a5d67,4,Mock Data,25,4,6,3
92493b9e-84d0-428b-ae93-72bef600c3fa,7,Mock Data,66,1,9,15
daa42675-252b-4bcb-9bb1-9f211e578704,5,Mock Data,86,4,2,17
babb9093-dd91-4abf-85a8-0a889ee9a311,5,Mock Data,96,1,2,9
5698b334-8ed7-4c98-87b6-3342a7bab0e4,1,Mock Data,91,5,4,7
f7836a29-3610-4d9a-8dbf-e829c3e8d22f,7,Mock Data,97,0,6,11
f00007e5-45cf-4d5c-bca9-cbf6c3153bfb,6,Mock Data,23,6,11,15
872d90ea-1966-4aa5-9537-bc66d67616b5,7,Mock Data,72,4,0,14
3c3e9c96-35a4-48e9-9b56-ca290e6b5fd8,4,Mock Data,56,1,3,11
52b05cfc-a4b3-4ea7-9f87-04cd6529a97d,7,Mock Data,66,5,6,10
1db1bee2-0938-40fd-9544-1f1ac4d5d956,5,Mock Data,86,6,8,22
d2162a29-e81e-4d0b-b180-fd1996cc52d3,2,Mock Data,85,5,0,6
8b29fe64-6d6f-4f4a-930d-ffa6fe1d8fb6,4,Mock Data,57,1,0,0
5a7772fa-7fee-4dd3-b2b2-f256f6ce85d1,7,Mock Data,47,2,7,0
5f803e39-2594-4b79-b994-f7bbb24133b9,2,Mock Data,85,1,11,6
3bedda00-1ffb-4233-9278-cee5532411b8,7,Mock Data,81,1,4,21
cbb84d3a-f1aa-4b4b-8362-91646944b11a,5,Mock Data,66,2,2,8
0b864c13-4ef8-4e75-be5a-0930fcb8cc2a,4,Mock Data,27,6,9,4
9e67bca0-d541-4d77-91e6-4218450ba823,3,Mock Data,45,6,1,9
07c5ed20-733c-41ec-bb4c-107623b545c6,1,Mock Data,26,6,10,21
7bb521d3-a28a-4a25-b033-3c4cdf8efde9,2,Mock Data,48,0,11,4
81447636-2161-48da-9734-bcb7db7cbb2d,5,Mock Data,97,6,8,4
a5911a6a-cf8c-46e6-9e41-df321cc43114,4,Mock Data,84,4,2,8
d996f729-5b19-4e05-b4e8-ed3f727dacf4,4,Mock Data,55,6,7,21
d1acf728-a28c-4d87-a42f-f06243aaf038,4,Mock Data,68,1,0,15
a95f6a14-729e-4fa3-a292-22ebdd51c61b,2,Mock Data,64,5,6,1
d6d9ea58-bad2-4073-b888-df37a93288d7,4,Mock Data,48,2,8,5
ca08f33a-3735-4f64-83bc-1306f4ca880d,6,Mock Data,63,0,11,18
2a6e3c8f-9932-4cef-91b2-88e607a3abe8,5,Mock Data,99,2,5,9
63e31a33-bd16-41bc-b15f-b0fa1c056732,3,Mock Data,30,0,10,16
2d7a22b1-ff0f-47d5-a047-d2a115752fb9,4,Mock Data,96,2,10,3
340c8919-1e38-4aa5-a759-a1a5be9c636d,2,Mock Data,83,2,8,17
6469b3de-90dd-47ed-866b-e073e9f783fd,4,Mock Data,61,3,2,2
c0506b6e-7f37-4e47-a044-09b01dac4a99,3,Mock Data,86,0,3,15
99bb4ddb-09fb-459f-a100-e2615c381ef2,3,Mock Data,99,3,1,10
1067241d-47fd-4549-be97-e53fc3e7ea85,2,Mock Data,47,5,11,4
f1bd6541-4fd2-4141-84b4-73cc990672d4,2,Mock Data,94,6,1,11
c8c7bfa1-1dc0-4b75-9d9c-5bd44ec655d5,6,Mock Data,51,6,1,6
0360aced-8aeb-4a93-84ef-6615f9c2fed2,7,Mock Data,93,3,7,16
3a3c77a0-7707-433c-a4d7-3e08211ec9c2,7,Mock Data,34,2,0,19
276b198e-54ac-4e68-876c-ccddab73b960,3,Mock Data,23,3,0,14
f4628997-975b-44dd-b98d-0840c314a560,6,Mock Data,71,5,9,0
91dcc0a9-db26-4d8a-a5f5-302177fa79ad,6,Mock Data,83,5,7,7
a47519cc-b905-42e5-b405-6076ebad76f6,5,Mock Data,66,4,5,23
f8558aa0-4810-4744-b0b2-e1ebac23f03e,1,Mock Data,35,1,8,11
3ddd7eff-0512-4532-970a-a67b7d10e785,6,Mock Data,41,5,5,16
d1bde85f-4932-4669-9fa4-543625382136,4,Mock Data,41,6,11,13
9852d209-fb95-40fe-a1ea-761298844a6e,2,Mock Data,57,5,1,0
d2c5616a-f72e-4ba6-85ec-571a8e82dec6,3,Mock Data,57,2,5,17
2cb804bf-6be7-4bc6-b2bc-ccfbe4bdbc9d,5,Mock Data,23,5,0,15
216e7ab6-ba3c-4f3b-b7b2-a0ff1a7d312f,3,Mock Data,67,1,1,13
ed4c8685-0cfe-448a-80e2-4da40d192a2d,6,Mock Data,30,6,5,6
06b3d0c5-baf3-4b17-968f-87cae0cfc328,1,Mock Data,86,2,3,0
5d741dc9-3baa-4996-99be-5b661c95a436,2,Mock Data,29,4,10,22
4144cddb-d637-4a36-9658-6f357322c441,5,Mock Data,58,0,3,1
39713d8c-9fe7-4565-b0a3-77cbcd152a24,7,Mock Data,34,0,6,20
e7d93878-2bc2-44d3-978d-5fb1eb4e6b90,4,Mock Data,88,4,8,14
bd466d80-76e8-4036-bd39-a2c208a343d8,1,Mock Data,42,0,11,10
28ed9960-f5b9-4301-9647-5c233282a9aa,7,Mock Data,59,0,5,12
ecc592da-3eb1-4c0f-bf8b-0ef03ee6fa48,2,Mock Data,84,4,10,9
f2207c80-d2c3-4857-8ef8-d732c3fd3ee1,7,Mock Data,99,1,6,10
3d92ce75-cc06-4380-8bed-884d7f5e1110,3,Mock Data,28,5,9,12
7f62339b-882a-416c-932a-420a7e6dcfb1,6,Mock Data,48,6,9,3
0ba09f00-dca5-41d9-afb0-e04b08fda82a,7,Mock Data,86,4,2,2
5d1fcf6c-b2ae-4b49-a4b6-5ab55c16f83e,6,Mock Data,91,6,0,14
195f6027-061d-4b63-94b3-c55b166a9fab,7,Mock Data,46,0,2,1
708fffca-b8ea-48c6-80c4-bccdbbb12218,1,Mock Data,44,2,6,16
f05c883d-ac94-484d-8d18-9093add27a67,2,Mock Data,25,2,4,13
6a489ba5-6fd8-49dd-960e-db0e97bd5cc9,3,Mock Data,71,3,9,22
efc02453-4235-4ea1-875f-4841ef11bcc9,6,Mock Data,23,0,7,2
44e718f2-5026-4515-8c15-57932b581b57,3,Mock Data,82,2,2,14
2e473d1d-6147-4233-8cfa-8280da2172bc,7,Mock Data,81,6,7,4
33a34cd8-8f6f-434d-a717-f3c1a47b2bd9,2,Mock Data,79,3,9,17
435bd052-35fe-444b-b03e-6cab6ebe35a2,7,Mock Data,84,2,9,7
8bdaddc7-82f7-4906-8975-d91a726e71a1,7,Mock Data,80,3,4,12
a5d47d6a-fe06-4259-a5a3-048b0ee9e75a,5,Mock Data,43,5,11,4
0fb6931d-2e74-4a15-b464-7a15c2a639ff,2,Mock Data,96,5,1,10
7364dd36-6e34-45d8-9f94-586a76ee0f05,7,Mock Data,72,5,4,4
4f33308f-8262-466f-994f-ea0ddfb4cdb1,2,Mock Data,58,2,6,0
dc63255c-f3dc-4348-a028-6afda582413e,5,Mock Data,78,6,4,1
39757074-90d8-48e7-87ef-bd567b1236d8,6,Mock Data,70,3,5,20
9d986def-ab3b-4bf0-89b2-405a82385e6e,5,Mock Data,24,5,7,23
4bb06502-671b-4e9c-abff-4b99dfccf077,7,Mock Data,54,6,8,1
c914648f-5081-43f0-8c49-f0724ad5714a,3,Mock Data,51,6,8,2
a8619013-6f66-4c0e-ac6b-9f5ec0868fa9,6,Mock Data,95,5,0,18
124f3cb7-9ab4-48ba-b889-129a1c22e2ad,4,Mock Data,62,5,9,9
81616d97-c05e-456a-b720-8631b89869a8,7,Mock Data,35,4,7,13
304f64a3-243a-414b-a8fd-6be290eb5b6b,5,Mock Data,95,2,0,7
303609a3-51f4-4caf-8dea-32eeb3c5bc3b,7,Mock Data,23,0,8,4
efc552d1-8820-4028-8a07-c835ad9e22cf,3,Mock Data,49,5,2,0
15b6fe76-d270-43d9-b334-c30680661d7d,6,Mock Data,42,1,3,5
660fdfde-0f26-4e62-a69d-dd6708c58c81,6,Mock Data,69,1,4,1
aa26d825-7541-4c9f-bdd6-c98e70b65b0a,1,Mock Data,47,5,5,22
8225fee3-a39a-400e-ae9b-87ef1bd8fb4e,6,Mock Data,50,3,10,3
7cf143d3-347d-4de8-a86e-6a790f89107d,7,Mock Data,45,6,8,13
b33aca3b-a386-4080-aee1-279a0a6340cc,1,Mock Data,23,1,8,11
4c812bf8-2f44-452a-8b80-bcea5f9a782e,5,Mock Data,97,2,8,22
9caabc07-4274-4c95-9c29-21b9aa9e7d1d,5,Mock Data,28,2,7,19
d2296ffd-2e72-4f31-9578-13f568fec5c1,7,Mock Data,86,6,2,5
e008fbdf-2a93-48a2-bcad-df9099f65cc1,5,Mock Data,38,5,8,19
10ae446b-3ff6-4e6f-8936-f2b84a89d53f,1,Mock Data,57,1,5,23
ef304ad9-5d8e-49a8-86ee-38c620657d3a,1,Mock Data,39,3,8,22
cf38c844-5760-4fe6-899d-6a172e8a1f62,6,Mock Data,73,2,5,12
a74b6eba-1467-4612-ada0-7ddd25e5d998,3,Mock Data,88,1,2,4
6b2a3b3e-5ce9-46d3-801b-c965ae5a6a2c,1,Mock Data,70,3,1,5
2cf29888-90eb-4032-81ca-cfc556aca0dc,7,Mock Data,88,1,4,11
ee495e06-cb31-4f8a-8b49-082432efb9f7,2,Mock Data,99,0,8,18
1a61c03b-1524-47ea-8bc7-a5c15bdc0887,6,Mock Data,67,6,1,12
708022c0-ea9d-4f4f-8170-fee1ad83397f,6,Mock Data,71,3,11,3
dce6f3a5-70a2-4c89-987f-242fa7af2453,6,Mock Data,23,0,11,5
d3c70f5e-5627-4188-bcf3-db8a3e60c2a4,2,Mock Data,72,6,4,2
2894fe58-fac8-492d-ad95-c0e793ebfebe,6,Mock Data,26,1,11,5
56b88bf5-a348-4d99-80ae-e8835edef9c8,3,Mock Data,25,4,3,0
fabbacea-db3c-449e-971c-514231cc581d,4,Mock Data,94,3,3,22
25efcafc-e0eb-446b-9f88-df65e4272a5a,3,Mock Data,88,2,3,10
bbd35e9e-d225-4c15-b4e9-ce541c3ecacb,4,Mock Data,79,6,6,19
b6158483-11ad-41d8-b9f2-fead29180a7f,2,Mock Data,55,5,5,10
4fcf7854-157d-4b83-9a3a-480567b89ce8,4,Mock Data,72,4,11,16
a7e1cd5f-71fd-46c1-8628-53dbdf44fd2f,2,Mock Data,67,6,4,5
3710164f-2acd-4c92-9c7a-863b5e3185b3,7,Mock Data,52,4,4,23
dc1e7282-cf9b-4ecd-891f-32a73bd26535,1,Mock Data,33,3,2,10
cf06a4b0-a446-4a13-8e3c-88538dcf8e36,6,Mock Data,44,3,9,18
1b5eab28-4188-4c6d-813a-21b578aa78d0,2,Mock Data,32,6,5,20
f6abfa16-8dca-43b0-b535-0349bfcc34b3,1,Mock Data,23,0,2,20
9c9bcec8-fb5e-4aff-9d8d-a1d2ec43778c,2,Mock Data,25,6,9,10
db1b3e51-4ad5-43c2-b3ae-63f66f4cb670,2,Mock Data,32,0,9,7
2d52a9cb-ba80-40de-b268-3d5cb94d3811,7,Mock Data,56,6,0,4
211eab2b-e120-4a6c-ae50-ac034fccae20,6,Mock Data,22,4,0,1
5d26791f-a750-4ad2-9210-b748361fd35f,2,Mock Data,45,4,0,10
2c970fcf-48c5-41dc-bed1-1b584db2118b,5,Mock Data,54,2,8,6
6b7c985d-134b-44c7-acb4-6d3ee7c40764,6,Mock Data,32,5,11,20
2755b6b7-1917-4a14-b0ac-1a7ca7788aeb,1,Mock Data,40,0,2,6
cc8f95e0-0f31-44c6-9f21-0802472c9eca,2,Mock Data,72,5,6,19
82cf61f4-c128-4a6a-abe4-082e0b3c8e1e,4,Mock Data,22,6,11,15
efdf82c1-ab4b-4d35-b09b-b47312aae7c9,6,Mock Data,30,4,2,11
974f5a84-1ec1-4930-9fe7-483942718aae,7,Mock Data,69,5,3,9
198ed126-c305-43c3-8d85-96ac7f142998,5,Mock Data,36,0,11,4
e4046d80-eab7-4fe5-aeb7-bf9623ce1b43,3,Mock Data,58,0,4,8
3aa18135-d4a0-457a-aa0b-ce766165f852,6,Mock Data,36,4,7,10
fcbbacf0-ecc1-48a2-a820-2471ba4ba189,4,Mock Data,39,1,11,19
b6f06ca3-c95b-476c-b9c4-9f0b61b10210,2,Mock Data,60,5,4,8
868747d2-a5ad-4ae4-a2be-7c2740ba3253,4,Mock Data,22,2,1,10
b5fda8b6-5284-4ab7-840a-a284e33976cc,3,Mock Data,60,6,7,7
a4009edb-6034-4410-9fe5-8c8b3f5cc5c0,4,Mock Data,30,0,10,20
73e33bd3-7f42-4a99-a4e0-bd6af115dc60,5,Mock Data,60,0,6,0
f66947ec-ce58-4b6d-aab2-2a45bffc95e8,5,Mock Data,29,0,3,11
eb5cf9cc-2e8d-42e4-80b4-b7db3c5e1c91,3,Mock Data,46,6,10,1
05772a43-7953-40a0-a46d-b3ba8f72036a,6,Mock Data,31,4,5,1
e2fa93d9-75c5-4444-bca5-7346b522d713,2,Mock Data,91,2,3,23
00e8a058-9501-4cc1-8215-04e8e8e10e86,2,Mock Data,32,1,9,2
bd1ef6db-7a47-44d3-9655-7795929bf8e5,3,Mock Data,21,0,2,0
83e0c352-756d-499d-aad3-7fae1a896a3e,5,Mock Data,97,4,1,5
23e2d5db-54ad-4689-bbc5-a19baf1a7c77,2,Mock Data,58,1,0,6
cbaa9f47-0570-47c7-b342-15b2a63a41c8,7,Mock Data,82,5,5,23
ac989536-b6b1-4e59-a27e-88e031077f69,6,Mock Data,76,2,2,21
0495589a-4586-4439-8855-4b22e7727659,3,Mock Data,73,6,11,21
3717b761-ecc3-40c2-a56b-3062fcd25e3f,1,Mock Data,30,5,1,5
004a934d-36dd-48a6-aaca-1e44f17e65ee,7,Mock Data,91,1,8,15
64fb3c90-b295-42e6-a83a-7d9084c3dd06,6,Mock Data,64,5,3,20
6f4cb8bf-1b0d-424b-a136-ee40a211397e,7,Mock Data,73,4,6,3
31257afd-f850-4e5b-b5a0-e31a8b4b6048,6,Mock Data,98,6,0,22
ac9a4cb5-b697-4847-93df-26dbdd4d7380,3,Mock Data,55,1,7,7
a5574e3d-c617-44b8-a8d6-0d064ab17a68,3,Mock Data,21,0,6,7
848e5e63-07c2-4320-b63d-c88d426bb98a,2,Mock Data,35,3,9,21
4f3bd261-4de1-4d89-8080-b191f552d153,6,Mock Data,73,0,2,21
59be57b4-a1e2-4019-874e-d056618a83e1,4,Mock Data,36,5,6,17
90373f9e-8715-49ab-bccb-f686b34712b4,5,Mock Data,83,6,8,0
da2c6a75-63cd-4a68-b093-df339bb56b16,1,Mock Data,29,3,3,13
d9ec93e0-6ea4-485e-9824-0f86c7b966da,7,Mock Data,28,5,3,6
d97e7000-c7e2-441a-b24b-6f8c3cd7d79c,6,Mock Data,60,0,0,13
cef0cc2e-2bb8-43d4-91d1-589a48f33c0e,1,Mock Data,95,5,9,11
6b55f932-2e86-45a5-afb3-9af29f0530c0,2,Mock Data,28,0,1,16
7a40d762-7563-4397-acfa-a7fd0917f22d,7,Mock Data,36,0,9,9
12f1b018-e69e-4203-8058-ef7ecff47885,2,Mock Data,22,3,7,3
1fa6c46a-540d-45d7-8c32-fd1deb8d628b,3,Mock Data,37,6,11,22
3d1d9cbf-b357-4c77-a627-c710329051fd,1,Mock Data,41,4,4,6
0eb99d97-6d6a-415e-a989-399db94a8a09,7,Mock Data,63,2,4,15
2bfd261f-b746-4eaf-9f57-69a2f4efe268,2,Mock Data,26,0,0,7
66f25a1a-b4b4-4c5a-8ef9-e96e094f87c7,2,Mock Data,86,4,2,23
1833d101-e0ce-48eb-894d-6b4c7aea3cd2,4,Mock Data,88,0,9,10
a0114a76-edc0-49f7-8882-2dd177d6be94,7,Mock Data,72,0,8,8
91be9f9f-af43-4da4-a0ce-f64471c03b80,3,Mock Data,30,0,0,20
a1317880-58c3-49df-abdf-635430bbe9d7,7,Mock Data,34,1,2,10
020bc140-fcb9-4c78-a972-cd38f4c988f9,3,Mock Data,23,0,0,8
a516c7aa-ce79-471c-bce7-7bea57f69282,6,Mock Data,90,6,5,20
7f14d8e5-a90f-4ef8-8cc0-ef451cfa116b,6,Mock Data,48,4,7,9
5b813416-f4ea-466b-997c-6b5537947a59,2,Mock Data,96,3,3,1
bcd32203-63d3-4ed8-8537-6037f869c393,2,Mock Data,26,0,0,12
3128c505-631a-4a46-91b9-621e5990d637,5,Mock Data,65,0,4,1
00342e92-ab04-444c-84f3-8b20fa2cbcb2,3,Mock Data,55,1,6,18
ea6f628f-b9b8-4786-b339-cd5781838e50,3,Mock Data,35,5,6,19
b0b023fb-b983-49a4-9466-5aa0550fd0e6,5,Mock Data,26,0,10,11
cce0ec36-f398-4acc-bdcd-1a2a49333c60,2,Mock Data,26,5,7,11
53703e15-53c4-41da-9174-a7284d00538b,3,Mock Data,31,4,2,17
5dc4a9bd-d0c4-430d-96b5-3956240356de,6,Mock Data,53,3,6,9
d80c92b6-2e9b-4191-a4c8-cec66aa03623,5,Mock Data,93,5,7,3
c9be34ce-893b-40b8-b5b9-59054f6ce329,4,Mock Data,24,4,0,7
08047188-5f48-4d08-ada3-78e8ea43deb9,6,Mock Data,84,6,4,21
35036aff-e14a-4bbb-bd21-7d72b683d252,4,Mock Data,81,1,0,13
cbb51f79-e9b5-4748-9fb0-cf54b2601124,3,Mock Data,95,5,5,16
2218cb8c-4482-4062-a2ef-20110fab723c,7,Mock Data,33,5,6,3
f86c73c2-6785-4b4e-af43-f9fe4b6be94b,5,Mock Data,96,1,9,0
62af2229-ac67-4554-88fe-1fae8db4453b,2,Mock Data,83,5,10,10
f45ff5f4-c192-493e-ae12-b8ac691ad6e9,2,Mock Data,88,0,0,8
c2222274-6993-4e62-adf5-d8cb6a047594,4,Mock Data,61,3,6,9
dbea8f25-0c3b-48d4-99fd-caf334e0e859,7,Mock Data,40,4,1,8
1d7c8ac9-09cf-4cfd-86ed-feba78465580,5,Mock Data,76,6,10,8
816b7dad-007b-4060-9e88-a49499816901,1,Mock Data,76,6,0,10
098f6a94-8b72-4277-b3ad-0c2e4b1746b5,5,Mock Data,52,4,4,13
b980bad3-6e65-4f5c-871c-09d4fd8b2ae3,4,Mock Data,53,1,11,18
ba5e876f-3d19-48f4-9175-12e67301e026,3,Mock Data,33,6,9,11
734545e8-ac69-40f8-9d88-e9f6989840ab,1,Mock Data,52,5,0,3
483a988e-4eaf-423e-b167-d3af9fd32a33,4,Mock Data,87,4,2,3
7c1e1b2d-9b22-44c7-9293-fc1da929f6bb,6,Mock Data,86,0,2,13
c83e1bbc-6517-4463-8074-8ea0281b260b,3,Mock Data,61,0,5,5
43189fd5-6f1d-46b2-a3bc-93c2c99e9c75,3,Mock Data,28,1,4,13
5be720f8-b726-406e-ab6e-e3e322c306da,5,Mock Data,53,6,1,2
3ee31d46-ebda-49ea-9f5d-58e4816b8806,3,Mock Data,69,5,3,22
4211e36e-f672-4b40-9457-19191bed65a9,5,Mock Data,44,5,9,3
21cd2e30-11f5-4d81-93bb-6306e8ecba3b,1,Mock Data,57,0,5,14
3712c727-8554-49cb-ac47-e2140f24f0f2,2,Mock Data,88,0,2,0
6ae61a62-4315-41d2-8a06-fe02b8863451,6,Mock Data,34,2,1,5
90c93b11-1c2f-432d-b2a5-560c86f98c50,2,Mock Data,76,6,0,8
04ce366b-ade3-47e5-a71d-79e49102867c,5,Mock Data,82,4,5,5
3c9a0ddf-f1c2-4c7e-a3c5-c73365f21faf,1,Mock Data,24,2,5,12
cc38c067-f58f-4cb5-b009-b3de8778cb77,5,Mock Data,39,3,11,7
798d54c0-9954-47e5-9dc7-afe284621798,5,Mock Data,59,6,9,12
d5207b38-e653-4671-a9eb-5d33ed87ae30,2,Mock Data,66,5,2,12
618b1607-5895-4bb9-80c2-63b9e96a333a,7,Mock Data,24,3,6,21
5ea08fe4-0692-4cd2-b403-139d6ebbb4ce,7,Mock Data,37,1,9,13
07380d40-855c-4c4f-95a4-a0c1842a46fd,3,Mock Data,75,3,10,22
2423ab43-46f7-4b35-991d-c3d150be1351,7,Mock Data,50,4,10,12
e3a3ece1-3570-47b9-ab3d-88b39d6b1beb,7,Mock Data,41,4,1,0
e53ebb07-4025-408e-9f14-b7511121b9eb,4,Mock Data,59,3,11,12
d6f1f9df-b8cc-4b57-98dd-61ab06c6d2eb,1,Mock Data,52,2,8,10
702537e8-d22f-4e15-b340-bee1ea89d8df,4,Mock Data,62,5,2,7
10c80358-0b94-487c-b90b-ffadd603246f,1,Mock Data,72,5,8,4
6c0d3a6f-f6a5-4442-b027-019f7dbfa0da,4,Mock Data,48,5,2,8
767f595a-61b7-4b79-b404-81e1abdc7e2f,2,Mock Data,82,6,4,7
dd3ab51a-9217-4095-866a-a53b24057101,7,Mock Data,47,3,8,11
7b8b42c2-eb9d-4a6a-b109-80ca310a0304,7,Mock Data,82,2,8,17
a552165f-8fdb-4611-a80c-547b6b0e627b,6,Mock Data,25,5,6,17
2c22634c-ca87-45bf-ba85-5da3c75d2e0d,5,Mock Data,64,5,2,13
b23ec7ce-65f3-413a-b119-2cc25d866882,6,Mock Data,71,4,8,6
f7875240-66b6-45d0-ba8c-4e9467c789f3,4,Mock Data,83,5,11,6
2be058ef-3d91-4e6d-b671-f07d6ec6212d,4,Mock Data,32,0,11,22
29060699-27f8-450a-beef-a86ea10cf945,6,Mock Data,59,6,1,13
fefd248d-b44b-4b86-8853-1abe0ba40543,6,Mock Data,96,1,9,9
b69151e5-6b4d-4e6c-99e3-bb4b9c15e8f0,3,Mock Data,63,2,8,19
85c3486d-ae39-4c4c-96b9-cd655df244a0,4,Mock Data,65,5,7,7
ed32b655-721f-4253-a14d-16f513e0da2d,5,Mock Data,43,1,1,22
6e9aaefa-d322-4098-ad1e-9a228526532d,1,Mock Data,51,3,2,19
61e9662f-f1eb-442e-9cce-b600d4d02fcf,5,Mock Data,53,1,2,7
bad59b0c-14de-4e33-bf07-833c58c00027,7,Mock Data,87,5,6,12
8fcc70c8-c559-425c-8762-64008f32b48d,2,Mock Data,79,3,8,17
71e26858-7dd2-4166-b2d8-91afab3c1f51,1,Mock Data,95,3,9,19
33a7272d-eb45-4141-80a9-7a01a2d9083a,7,Mock Data,67,2,7,5
7bede9b7-9120-444b-ac6e-a692db8c0c7b,4,Mock Data,50,2,2,17
257f6621-d7cd-432a-ad61-31da38ac5e32,5,Mock Data,44,5,3,14
ee37195e-440a-4b5a-bc31-4e69e07aa4e8,6,Mock Data,80,5,3,17
bf56cf0e-d3eb-450a-9826-c892cdd66e67,1,Mock Data,83,1,6,13
23e571f4-a77b-4118-808a-ddc375f63505,5,Mock Data,47,4,6,23
6fea0f63-1399-4879-8fa4-eb76e91d6475,4,Mock Data,87,2,9,13
f0fe62b3-20af-4da1-8f1c-2ae08fe57c03,7,Mock Data,60,5,9,11
a72a999c-7dee-4424-8b88-0cf5752d714d,7,Mock Data,23,5,3,20
55586ad4-3b38-4e12-8610-b3b460832116,6,Mock Data,93,3,5,7
0146e5ed-0765-432f-848a-68d9996573ae,2,Mock Data,78,0,0,14
c37f74e3-ae30-4eee-88f5-2681cf4c074f,4,Mock Data,51,1,3,16
b31662e4-8769-4cde-ad7c-a7cb0a67b56d,1,Mock Data,70,3,11,19
0986c0ec-1534-4bc8-ab57-3e2cc007cbf3,7,Mock Data,63,6,0,17
f68fecb4-5492-4072-a530-c5a2c16b4a79,6,Mock Data,66,6,1,5
1bbc4423-0afd-44b6-9f0e-15a458d61e68,6,Mock Data,64,6,2,13
f2c5be1e-ab61-4524-a2dd-c9f63b74667c,1,Mock Data,46,4,8,4
3b2242e5-3c21-4c6e-b353-f111d09865a0,5,Mock Data,75,0,7,1
415c0c40-fdc2-495f-9405-197951502668,5,Mock Data,62,4,4,19
ddff0f44-9ffd-40f8-ad29-b84b4098d527,1,Mock Data,44,3,11,9
50c47ff0-53ff-4aaa-b46a-b047b72873e1,4,Mock Data,46,2,4,9
6e524963-403f-4ff3-9c9c-948c5fcfef11,5,Mock Data,90,1,1,14
d277db5c-3a25-4090-94dd-68e1b1de30e3,6,Mock Data,83,6,8,7
1d444411-cc4a-425b-9936-5adf95fba159,7,Mock Data,61,0,8,11
67bdbcde-7b54-4beb-b37c-2a1c8986c0ec,6,Mock Data,93,4,5,0
28c85107-0848-4d67-9309-2e699ae989ad,6,Mock Data,50,5,7,4
5958d7f3-001c-42fe-b211-9ad368e997e9,1,Mock Data,58,2,1,12
5f7cddd2-2732-44d9-887e-950360702a13,7,Mock Data,46,0,0,13
a883d78f-1cda-4644-9b08-486dff170cde,2,Mock Data,38,4,6,14
6bf6d515-8f61-42dc-9ded-f9c6776aa56a,7,Mock Data,53,6,9,0
09df38a3-c60f-405d-8cb3-18f5ef41470c,5,Mock Data,65,4,8,14
87f7bf44-b638-47da-bf2e-8772e8649d64,5,Mock Data,88,6,1,0
1076b96c-5d3b-4029-98b4-d98cbc4e0f17,6,Mock Data,97,3,4,4
c8bc6ee0-b9c4-4395-94af-7f9e0be5beef,7,Mock Data,86,0,8,3
4c537e57-0fc8-4aeb-b72a-d02b22320007,3,Mock Data,32,6,7,2
9e81217d-9f04-43db-8393-0da8803faaab,2,Mock Data,90,6,8,20
ffae18ef-d3b6-445a-9a48-a1cb6e75a6d9,2,Mock Data,84,0,2,4
9d6fd48e-1953-4f90-a202-66209e6338f3,7,Mock Data,85,3,7,10
b38ad25d-fb95-48b2-92e3-2358f0ee9fcf,6,Mock Data,40,5,0,20
c6a7e515-3540-4199-98d1-03786fe3ffcb,4,Mock Data,76,5,5,7
77644be5-ce55-4941-8a24-1717c4645522,1,Mock Data,21,2,5,16
43e7ebb0-af2e-4b84-898d-79c59a295216,7,Mock Data,32,6,1,7
7faa699d-db38-4902-ba4d-41cdf2893d47,4,Mock Data,68,0,4,6
01033500-1836-4adb-8556-7857de4c3be0,4,Mock Data,64,2,10,6
823a110c-7206-46c6-923f-17a7ad5582cf,6,Mock Data,21,3,4,15
a41f623a-7be7-4125-9be9-73cbe23fa0e6,7,Mock Data,76,0,7,11
f24e7063-822e-4548-a80a-da1c9ed13a3e,6,Mock Data,61,2,2,11
0691a413-6468-4d64-99c3-b9d8fa577a4e,3,Mock Data,94,3,0,2
36bdd5ec-ac49-4fa7-8875-9bc49d2d6f6b,6,Mock Data,57,4,10,1
fd3a8045-0f0b-4ac5-aa76-579734ef34e3,5,Mock Data,38,5,10,5
d65fc244-847a-445c-a86b-740faf414b0f,3,Mock Data,60,5,2,13
8dcda175-7803-4daf-a623-0cec78f6b7a6,4,Mock Data,52,4,1,15
e01555f7-d27f-439f-866e-9ffda30fd269,7,Mock Data,21,1,11,1
8656c84e-a084-4cc6-814e-2e26be92730d,2,Mock Data,48,6,7,23
933b3900-10d6-4e0e-876c-062d97f6e4b6,2,Mock Data,28,5,6,23
f4d49596-aaaa-42e8-bc5a-2c5ea429228e,7,Mock Data,71,4,3,2
74bde9a4-c85d-4f58-b8d0-a76a13c275b4,5,Mock Data,61,6,6,8
15c77ba6-a623-4ace-aebe-5729771da939,6,Mock Data,25,2,1,8
48536fa2-84af-4d1b-8f92-fe2977efeaad,1,Mock Data,96,2,0,8
d9123294-bcb1-4d1a-8827-bd9a73ea6837,7,Mock Data,30,3,9,11
00146c9c-1cf4-47e2-b0b9-788846c9193a,7,Mock Data,29,4,0,19
8994d9d9-405d-4e28-8f06-12274eea0f60,4,Mock Data,49,5,6,0
38765275-dc0f-47cc-add3-9e34b31aa841,4,Mock Data,64,0,0,6
89d35297-7766-4ff9-bf5b-43a741fecf0d,5,Mock Data,91,2,7,3
b2e0b8c1-c53e-4be7-9223-e61f29b3d8d0,4,Mock Data,59,3,3,14
dea31c5a-dba1-40aa-9033-7732c5c63889,4,Mock Data,61,6,7,7
6658f417-02e6-4619-a4a2-b00a43956ca5,3,Mock Data,26,1,11,19
ad5b04c7-5452-43ca-9a5b-43dfe1963fe0,6,Mock Data,36,0,4,4
3b3eb4f4-5b4f-42ba-8396-d5965338dd59,6,Mock Data,33,5,8,17
03f5217a-eb2e-4643-b8e1-5b66e83d0034,1,Mock Data,90,2,2,9
6dfec559-4bc8-49d1-9d02-c5aa3dc7fd83,1,Mock Data,92,4,1,4
c0303c39-731f-4c7b-82f6-ddd4c49f456b,6,Mock Data,29,3,8,14
ed0a3bc1-2dd7-4f9a-98ef-cb9b30893cff,4,Mock Data,62,3,8,8
1e70a36b-9800-41f2-b1a1-012fd60ba3fa,4,Mock Data,78,6,7,22
eaaece35-1cf6-489f-a83a-a401f142d945,2,Mock Data,36,2,6,4
2fecd2d8-4d0c-4aee-b05e-ee8f62ac31b7,1,Mock Data,99,1,10,19
cfe07551-0ae9-43cd-aaa9-cb8b751845c1,4,Mock Data,93,0,8,4
03c052bf-69da-4d5e-827e-3cf479aa9963,3,Mock Data,67,3,1,14
4734ed1d-13fa-44b8-b8d8-3469cf82fea4,4,Mock Data,51,5,9,9
046d1430-3440-4486-809e-1f917234b8c8,4,Mock Data,58,2,8,7
a128b45b-a540-4b3a-bdac-25a1865157e6,6,Mock Data,23,2,2,1
a0575d1d-2453-444f-8c19-08f462037847,3,Mock Data,91,2,4,0
953b1dab-1132-4c98-b969-7836e53f5fd7,1,Mock Data,30,2,1,7
8d5de5c3-67e0-45b1-93c3-ea6baf6c2542,3,Mock Data,83,1,4,7
aa70da3b-5682-45b6-a369-7d958a9366f8,2,Mock Data,54,3,3,7
731b3958-7a44-449e-8034-a6c7f4bd5889,5,Mock Data,50,6,2,20
870ec323-dc2d-4f58-8c0f-1539f426aab2,1,Mock Data,65,1,10,2
0f424991-0a72-47e0-af21-557fb0f86104,5,Mock Data,27,3,6,4
27b87ef3-b644-47b9-869e-d2d0d8b95792,3,Mock Data,61,1,2,18
6d11b0d2-80e1-4036-931e-f4ed1f3f7ff0,4,Mock Data,55,4,6,21
73d26a55-dfe2-41f0-8646-b47e1107772c,4,Mock Data,59,0,6,5
3c57db3f-6f94-42f2-bf26-0734cb315409,2,Mock Data,49,5,9,20
b80cf52f-5ece-4f35-8083-f33202111786,6,Mock Data,48,4,1,1
39f046c3-e33f-4dbc-b03a-33d956bd055e,1,Mock Data,72,5,6,16
ca1169d9-fedd-4f4d-b5ac-37325a86cd69,4,Mock Data,69,2,7,19
f8803e3f-3b99-43f6-a6b3-643e15d848f2,7,Mock Data,32,0,10,1
6e3e6307-b4db-421a-b224-4e5757320304,3,Mock Data,21,4,1,17
c1f65894-6a35-4317-9c8f-12d8249aaf63,5,Mock Data,22,1,9,10
65404837-3e65-421f-90c8-0af205bbe7f8,1,Mock Data,39,6,10,12
87f78d60-ee15-4290-b3d1-3219976e436a,4,Mock Data,47,1,3,4
b5a05eda-a89e-4d67-9bff-bae39fbe484b,1,Mock Data,30,2,10,21
ebcf709f-9ef2-4afe-80a5-7cff72cf8f49,1,Mock Data,52,6,1,15
8600b5f4-02c8-48ef-90fd-8be2dcd7a4ec,6,Mock Data,51,3,2,8
f13c1d96-cd63-4b64-a657-06a9547bc130,5,Mock Data,53,4,5,9
36676a08-7816-44d9-9636-92ce32bd063e,1,Mock Data,63,2,2,6
69c685fd-f7c1-4c3b-9f25-ec2021600c16,4,Mock Data,62,0,5,7
586b37ba-309e-421b-9a6c-694b0f3cd384,1,Mock Data,34,4,5,16
2af8bea3-8847-4e16-b660-2ece0932c8d5,4,Mock Data,98,6,8,5
5da93739-6d7f-4eca-ad18-d1e316ca380a,2,Mock Data,53,5,11,19
30bbbd52-da19-4fd7-8536-4655c3d34b6e,4,Mock Data,51,4,3,10
1b6bdc1e-8ebe-459f-ae53-7de07f856d03,1,Mock Data,79,6,10,23
9f123e22-6813-471f-b330-ccbd98836535,1,Mock Data,89,3,1,22
6abb5903-ee35-40c9-bf1b-8ffa9778edc1,6,Mock Data,91,6,4,2
277c8209-0857-4f48-952c-bac52f79f45d,4,Mock Data,30,5,11,12
8a4e6910-c256-4a22-a2d9-dd2f24f72f66,7,Mock Data,29,2,8,9
6afce41f-a091-4a59-b0cd-f6beadf28c33,1,Mock Data,74,4,10,20
ac310721-7471-4d8f-80c0-4a50f337272e,5,Mock Data,57,3,4,20
ee35cd5b-4f08-46c2-87e5-c9e173004dc4,7,Mock Data,96,0,2,19
f9fc0fe5-c536-49be-a397-9026e2ec957e,7,Mock Data,82,0,8,15
989b6e83-0cb6-4f8c-9489-e8f64386558e,2,Mock Data,87,1,2,18
ec230c0f-6f9b-49d4-9b39-6b398a36605c,1,Mock Data,85,4,6,0
31c60e58-14aa-4c7d-97cb-fbc24e558bf8,6,Mock Data,95,0,6,4
690844b1-cd46-4f3c-9014-025749aeb384,1,Mock Data,59,6,0,16
ce888351-d010-4ac7-ac06-930dce61c204,6,Mock Data,42,4,6,5
829631af-786e-4830-98b2-8770b4bc62ba,5,Mock Data,24,5,9,23
00ab15ee-ccf5-43fe-933f-ca1165e3d0ff,4,Mock Data,62,5,2,14
d4114b5b-4cb0-42bc-a408-ca80a1439390,6,Mock Data,47,0,6,1
e9d0dc9f-1761-49d8-8022-0e7c93cc7d10,2,Mock Data,47,1,5,23
8e23b9f6-dbab-4959-b21b-272faf816fee,5,Mock Data,79,1,10,5
0e9c1aa2-2c8a-42b6-947b-57e3b413781c,4,Mock Data,66,1,2,21
cec8b942-5cca-49fa-a7c1-ed8e71b88efd,3,Mock Data,84,5,8,4
16feb1cf-b5cf-4247-bf25-0c2b4e34a916,3,Mock Data,46,1,4,4
1baa5f84-465e-43e0-819c-14986f965029,5,Mock Data,49,5,0,15
72c7af20-a084-46d8-b6fc-191a17fd687d,2,Mock Data,46,6,8,0
1801c5c4-c694-42d8-93f3-f1403bca0c17,4,Mock Data,33,5,10,0
5dadf90f-02e8-48f4-80a9-1fcbad2fe3cf,3,Mock Data,40,1,10,10
f7b54c4f-4c1e-4cd6-947c-d328da05ad37,4,Mock Data,90,2,11,10
39b16853-e7f6-4a7b-bc7a-8343d984f0eb,7,Mock Data,49,2,3,10
50b22423-dcbe-4bbc-80f5-e87eef847d03,5,Mock Data,33,4,11,12
908d11cd-5c6a-4598-817d-fbb2e2a39da4,7,Mock Data,25,3,0,22
12f81869-4323-496c-b525-3ab5cee26c3c,4,Mock Data,72,4,6,1
6059f96d-df94-429a-8551-5a482af9c8ba,3,Mock Data,34,3,2,14
6b63c2b0-b52f-43f1-ae8b-fa6ade037cca,6,Mock Data,72,5,2,8
d245db6b-8565-490e-9e3d-166aae7a9791,5,Mock Data,80,2,11,18
c5b420a5-7bf8-4d3b-8d77-3e7c13e37a90,2,Mock Data,86,6,3,3
b9ad3bd6-8dba-4caf-a0b1-6a76fc2ff5ac,4,Mock Data,47,0,1,4
f9d9b5cb-229a-438f-b898-62e63282a98c,7,Mock Data,79,1,2,19
2f627ffb-29fb-478a-8b40-a1d01f7516ae,5,Mock Data,48,0,1,21
e913194f-70b9-4ded-97f2-0646d647c165,1,Mock Data,24,5,9,12
79c3709c-ae3e-4db4-9096-263407ec1b8c,5,Mock Data,49,6,9,5
4bf8d52e-0524-4117-ae55-d3fa610732da,1,Mock Data,50,6,9,11
33839c3e-82c6-42e9-9756-dd1b2d390072,2,Mock Data,78,4,7,20
2792dddd-332d-4d80-aa6b-dceac626caf1,1,Mock Data,34,3,2,7
afc3c960-d851-4143-9189-598815f407ac,1,Mock Data,29,3,8,3
7b3ca94f-74f7-4adb-bffc-499efe33e796,5,Mock Data,97,6,1,5
87a41151-8beb-4f03-9744-bc014164de98,5,Mock Data,71,0,6,7
3ddc4de0-0d92-449c-98d4-e65a0f86282d,2,Mock Data,31,4,11,5
bf82d9f0-8e83-4d8c-894c-aa575299c927,1,Mock Data,43,5,7,22
3efb9275-fae2-4e12-9b09-39fe654b1c79,1,Mock Data,53,6,5,13
5bb0b332-22b7-4d95-9249-8c0edf38e5e0,1,Mock Data,93,3,11,22
7d57947c-99bc-4b3c-aefe-9ea595801c72,2,Mock Data,94,2,9,23
280e7e26-6ff2-463b-b3c5-0ecaa8096961,3,Mock Data,97,5,5,4
e2b4bde3-3538-48b1-ba8c-0256ccee1d88,1,Mock Data,52,6,8,13
adbddcdc-352a-4dd6-9228-6a9d412debe1,1,Mock Data,34,3,11,8
4e57f17f-fee8-41c0-bfc7-527d5279b5c6,4,Mock Data,53,0,1,22
4ef0dded-2501-4838-884a-efc4cf1f8f42,4,Mock Data,32,1,5,9
84424431-e697-422c-bca2-a2196e3282f5,1,Mock Data,38,5,4,20
3933ec24-cb41-4b33-88c0-f212d3f80b41,7,Mock Data,28,5,1,13
1ca5d856-0da9-4df9-96f3-1a60463963be,7,Mock Data,49,3,7,8
af48b60a-9e01-4b44-a3d5-5f78a35a4cca,3,Mock Data,35,2,9,8
d546a429-5a8c-4826-b42a-eb98b97a70f5,4,Mock Data,37,4,8,2
84355a87-697b-49a6-be9a-f323a201a5fa,4,Mock Data,98,4,3,12
f4431d3a-6de2-49df-b403-da53a8ca1526,1,Mock Data,91,6,2,20
9bb30194-e03c-4898-8861-f8aa398b112e,7,Mock Data,32,6,3,1
3651cc2c-df9c-4ffd-ad14-564657447128,5,Mock Data,76,6,11,13
2e5a593a-d6e1-4628-bd21-50b71c6a2ca9,2,Mock Data,87,3,6,14
75bb67fa-8e07-4f01-8a06-49384b1e7170,1,Mock Data,55,4,2,23
4c5d069e-93e6-43f5-b6e3-ecf435b93b89,3,Mock Data,85,3,0,4
52d2742d-3796-43d7-9b80-4049070b861e,1,Mock Data,93,1,10,13
83acc2de-69a6-4ceb-aafd-05ed473dd7b5,5,Mock Data,68,6,4,5
ec139945-68a6-4950-ae5b-4dfc9ced8420,3,Mock Data,93,6,0,21
b95b3fce-6b9b-46ef-a8d6-10b66532d1ad,3,Mock Data,49,1,3,13
d33a71f9-ccec-472f-b4cb-636b5fe778a2,6,Mock Data,29,0,0,17
4cef2bb8-eed7-4355-a84c-44ec6d36558a,1,Mock Data,92,1,7,23
cb215d9f-7588-434f-a821-45ab8909b0d0,6,Mock Data,73,5,7,11
a8016588-2ab5-4e99-8e52-910a30175140,2,Mock Data,72,6,0,7
3ccdfe44-737c-4bf5-98cc-f1a826e8b617,1,Mock Data,27,4,8,9
fa4a2f2f-3a03-4e99-babd-13b83456831a,2,Mock Data,84,4,11,10
547aa20c-248f-474e-872d-98e032bec586,3,Mock Data,31,4,6,3
db572baf-8c16-49ea-8e45-da190a676234,4,Mock Data,42,4,9,0
0b61f0d9-3523-4051-bb5f-af942b6b7e8a,4,Mock Data,58,4,3,14
448690c4-d9de-4f11-8bd0-2eb4cb08eab6,7,Mock Data,76,1,1,8
12d51d39-2937-455c-b409-69ad07a591e6,7,Mock Data,92,2,11,11
d9d25107-ee15-4a3a-9ede-4c496eb54dac,4,Mock Data,99,0,2,14
68f72ed1-d62f-4be0-ab0e-33cd9c249eb6,5,Mock Data,96,6,0,6
e6b34bbd-ec0b-4ec3-8ba0-f2d29f8e0515,5,Mock Data,66,5,9,18
1edca684-7e40-4618-8274-5a3b6684b6ef,1,Mock Data,38,2,0,21
31266f14-520c-4116-8710-46a9b4a1b329,3,Mock Data,42,3,4,14
7922eb71-976d-483c-94eb-d0323d30decc,4,Mock Data,23,5,1,16
b4273987-6829-494c-8823-0f95cef7a962,3,Mock Data,54,5,1,5
af992ce1-95ce-4d33-82dc-c0f77499a013,3,Mock Data,52,6,2,22
90081515-c21d-4258-8b81-82e42de93cef,6,Mock Data,93,0,5,2
cfd5f989-08de-4116-8ae8-eb1090d3672a,7,Mock Data,99,0,4,8
24f07791-b764-4b37-8489-5ed68bb31917,3,Mock Data,70,1,9,22
077f5df8-1aef-4668-974d-37c9bbfc31e5,6,Mock Data,29,0,6,15
d5aebb6b-f709-4751-83e2-d0a27de8e439,7,Mock Data,70,2,10,15
2b306ae5-8057-4820-8405-6113c81baf5f,5,Mock Data,45,2,10,16
81071380-0aa8-457a-84a0-bb936c313a06,1,Mock Data,72,2,10,13
ab49cb1f-47f4-46bc-a249-d89df68b4f4d,4,Mock Data,90,6,3,21
5992909a-d400-481e-9feb-ec3180b9caf8,2,Mock Data,56,2,2,1
0b89287d-9082-4743-b4df-f21cd2761db8,6,Mock Data,53,2,8,18
26f60e50-ab7b-4e5c-9a1e-c02b7377e62c,3,Mock Data,80,2,11,8
f5b45ee9-cac8-48de-bd10-3ae4584c64ca,5,Mock Data,90,5,4,5
5cfbac13-f716-4cd0-ba23-783c9453cd14,7,Mock Data,46,3,7,13
4a6a038b-640b-43c0-acbb-48f3c0967d76,2,Mock Data,39,2,6,22
95d9e945-b5e5-459e-a83e-b634c9278743,1,Mock Data,63,6,6,17
4dd218ff-6a0e-42b7-9bb1-7b4791b61935,4,Mock Data,96,2,10,13
fdfe27b1-77ca-469f-831b-3908aa745da5,1,Mock Data,70,0,6,9
9789329a-22b5-406c-9ca9-977b996f11c5,3,Mock Data,64,6,7,3
3278833b-ee5f-4ef7-a85d-eba7abe730dc,3,Mock Data,81,4,4,2
c2d9ded8-e10b-47b7-ba06-a5ccfed2b2b0,2,Mock Data,94,0,7,0
4f69205f-d1ad-40b5-b2ee-4adbdbe17433,2,Mock Data,89,3,3,9
228a1504-9920-4727-93c0-5e28c9a3d10b,4,Mock Data,97,5,2,4
1bfd20ef-43da-4734-b066-521baeae8bef,1,Mock Data,35,1,9,14
732d0029-f226-480e-895f-12f54cac605d,7,Mock Data,90,1,5,18
2f6be7d6-d177-4b88-8bd3-c2db009f45fc,6,Mock Data,99,6,4,12
f60d0c2c-e339-41c5-ad82-c0a516746a4f,5,Mock Data,55,1,1,19
6a7a78ee-75c7-458a-abc3-8d1af35a204f,2,Mock Data,98,4,0,16
d3e027bf-c0a7-4e8c-ba3d-1ccc73385303,5,Mock Data,60,2,6,12
1fed1709-0a58-4312-8808-5004102604b1,7,Mock Data,92,3,0,9
133e3218-0100-43fe-b4c4-021862aa8f8f,5,Mock Data,33,1,11,14
4fb4792d-c935-4811-8b11-5dde85e23bc6,1,Mock Data,23,5,11,1
429bdc19-31c3-4b11-93d8-835c2cfe3bd7,3,Mock Data,90,3,4,6
82ff34c4-14eb-4745-a3e9-a263933f2c3f,6,Mock Data,39,3,6,18
99910e02-4c31-423f-8d17-dc6a1ee8f743,6,Mock Data,25,6,5,17
d08b0cca-fa8a-45c6-8222-f617613a2599,6,Mock Data,81,2,11,10
d2e3d9ca-c37b-4c41-a6c2-76563ce9affa,6,Mock Data,27,2,11,18
6fe7c2e7-912f-4167-8cfd-ee54261fe6a8,5,Mock Data,46,4,7,22
00ae63ee-d169-470a-9e50-4459396d756c,3,Mock Data,82,4,7,4
2bdfae58-0d99-4f69-8f03-9dbd2851758c,4,Mock Data,22,1,9,1
d035e1d9-2d81-4440-95c2-4a78dda9fdd4,6,Mock Data,37,0,7,15
6255f8ee-9811-4e10-b01c-02ae05409237,4,Mock Data,28,2,6,19
64d3a021-62bd-4241-974a-e387a3ce0ff3,2,Mock Data,29,5,4,20
581f32b4-ffbd-4d29-842e-24746e7f48b6,3,Mock Data,94,3,7,18
77a571a9-d428-4fe8-801a-c5c4b9c37ca8,5,Mock Data,71,3,8,5
ed76752b-262e-4ae1-91d8-481e72232ad2,2,Mock Data,89,4,10,2
ec586cc9-e475-483b-a427-3b263945bbbe,5,Mock Data,53,4,3,5
4e7880d6-092e-4c69-ae21-5be220f7304d,5,Mock Data,60,6,5,3
cfe59e23-8639-4813-a425-0f5ede0a8cb3,5,Mock Data,54,1,7,13
f9904e6a-3f74-499c-940e-fb6da3c9c2ea,6,Mock Data,37,2,5,18
8d090ba0-7643-43ec-bac1-811f50fb920d,6,Mock Data,83,5,9,3
3cbb0a6d-722f-4e58-97df-d15dc9efd53a,2,Mock Data,72,4,1,0
a96ddbce-9a8a-46ec-821f-f9d3dce1356f,4,Mock Data,49,6,4,3
a3e17c92-8d25-476a-b603-f4419998ed89,5,Mock Data,90,0,5,21
57737ee3-a754-4a4c-9d26-db2f5520a89e,3,Mock Data,30,6,4,3
477a9f05-d5da-4185-8516-9bcd5082389d,7,Mock Data,27,6,11,19
8fdb8ac8-0a51-499e-94af-751b0d69c7f0,2,Mock Data,69,2,8,14
596f7c7b-2dbb-4b69-aa4f-5bc3d3da7a47,2,Mock Data,47,4,7,6
9d5cd20e-6fcc-4787-8d41-a54927cc89cb,2,Mock Data,28,0,6,17
76c7e365-69ed-48f9-8c03-e01ab20ff9da,1,Mock Data,35,4,1,13
c95c4265-1ca0-4722-80b1-6cfffc343ded,1,Mock Data,31,0,11,18
a7606702-185e-49df-bd41-5b9d0f36f2ba,4,Mock Data,31,6,8,5
48382a42-eea0-4dac-a199-096d52b3c583,1,Mock Data,44,6,4,9
175641ad-c2ec-41bc-acad-0cf072cc897b,7,Mock Data,47,2,11,22
5346ad11-0dd7-45f3-aa49-b0d7f713e7e5,1,Mock Data,33,1,11,1
6f21c5ca-b316-4f3d-b244-a01b599b1ba6,5,Mock Data,82,3,9,11
d80b79f1-cc70-4c5e-8687-c44963bef6b4,4,Mock Data,49,2,11,18
2f434117-e007-4bdc-8471-5e6ddc7cfbe3,1,Mock Data,53,4,4,14
76f210e8-b708-4c6b-a3db-997a12a4bdfc,5,Mock Data,94,1,3,2
d1d1f9b3-3c30-42ee-ab4e-1e25d726cdd6,6,Mock Data,47,5,4,7
4a4d881b-85ac-4126-950c-94d4d1092bbd,1,Mock Data,23,1,4,4
37208b4d-3b00-4a79-aec6-866023156dd4,5,Mock Data,83,4,7,22
e85bc12d-d68f-446f-9a53-0d05c9a25328,7,Mock Data,35,3,3,12
b2a0f56f-665f-4cb0-a08a-74e102eabd02,2,Mock Data,45,6,6,22
e211d53b-a833-49b3-a321-62881f87f6c9,7,Mock Data,77,5,5,2
23030d6f-fe4b-45a3-99e5-11c895fadec7,3,Mock Data,44,5,8,12
0d092a12-a57b-4e3c-a7a9-1da14e67349d,4,Mock Data,80,1,4,20
13d9778a-b1c3-4fde-8851-0ac8621692a6,7,Mock Data,93,4,4,9
9183054d-e4d4-40c8-a641-b1ef0fa1d1b0,5,Mock Data,85,0,1,2
92d20bbf-346c-41ed-9cd1-1d0fc39e08eb,1,Mock Data,61,5,5,19
48a5bd6b-92a4-4ea9-b387-6bd1130e592a,5,Mock Data,70,5,0,2
fcd76d52-8008-4a4f-b653-3396174b9be3,4,Mock Data,81,6,2,0
5b5a21f9-7cb6-438c-966f-2ee156d8ef71,4,Mock Data,40,6,4,20
fdf7dfeb-4bad-464e-8258-9a9799e396ba,5,Mock Data,54,4,0,9
3dd037ff-b7a3-4cb5-95fd-c6dab36efc5c,2,Mock Data,39,2,7,1
0fba6cb1-f868-4ba8-a620-c7277851bc26,4,Mock Data,75,4,7,23
385c0b96-ae17-41b0-b5d4-e738d1d99a5e,2,Mock Data,34,2,6,13
05b7abf2-7f2a-4ab2-8e39-1208b1c3db27,1,Mock Data,31,4,4,12
b7ef3cf8-6a33-4995-a7c3-9a51e490a142,5,Mock Data,77,4,11,5
0cabd3ca-84f7-448d-8fcc-e5d9f9cac5fb,3,Mock Data,87,4,5,9
3ba0177a-d33a-4140-a1e2-65c6d4886a40,3,Mock Data,61,6,4,10
63c6b7ac-4836-4166-b2e3-3f94d7e3cf2e,3,Mock Data,58,5,4,15
98bc34ad-ce7b-4ec8-8da5-28d771c21afc,7,Mock Data,29,1,1,23
35ba3e26-cf6b-4051-8a61-88251051eed1,1,Mock Data,47,3,2,23
1a5768ab-5870-4819-848f-c2e88255073f,6,Mock Data,76,2,11,4
411e64dc-6bca-4f9e-aaa0-bacbbbf338f2,1,Mock Data,75,6,7,18
7a74cb32-3905-44f6-b923-23ea6126c105,5,Mock Data,41,1,1,16
1580a57c-ca1e-436d-91d1-8b1df671166a,4,Mock Data,33,4,3,19
c261eb15-fb2a-44a0-8bfd-1e20451dd8ae,2,Mock Data,70,4,10,9
c855caaa-8ea1-4fb0-8767-1ca82e9ede15,1,Mock Data,73,1,5,15
7d78347c-0cd9-4566-bf06-b8be213702fe,2,Mock Data,64,3,4,22
98bbe544-8ac7-4b02-a9a8-03d49c139158,3,Mock Data,87,6,3,3
74202bbc-bd8b-447f-9461-142dc089b789,6,Mock Data,25,6,5,15
3bd67375-8f9b-45f9-973a-f3026612014b,2,Mock Data,56,6,4,18
f4c19760-3296-4450-a916-58ac0d74e786,2,Mock Data,54,4,3,2
5d60b1f3-d9dd-4c2f-b47c-1602a749d0fb,6,Mock Data,36,5,6,6
2d9542fc-f571-477f-8b55-61590883b3bc,3,Mock Data,88,2,6,2
228d7d96-4616-4224-add9-c95efa8e09a5,5,Mock Data,24,0,7,18
c9d8f079-eaa6-4c5d-860e-49ff7f85a721,6,Mock Data,95,0,7,20
2d4cd969-bb46-4d1f-9e4c-c9a9963dc172,4,Mock Data,95,3,5,14
af06edfc-43a8-4ad1-bd9d-9cf06d3b67a8,5,Mock Data,77,0,2,18
5947ac11-8ff1-4a70-9448-362239e5c85f,6,Mock Data,31,4,2,6
babf6863-1816-4580-95d1-a60d4d73d0b5,1,Mock Data,73,1,4,10
3f1978a9-e528-471e-9707-bbbfdad743fb,2,Mock Data,80,1,8,21
6fa927c9-edff-4d37-a2ab-fd86654e7038,7,Mock Data,94,3,1,21
13436826-5347-419a-902b-df5f1bed88b6,3,Mock Data,49,4,10,12
86079ab6-e25a-4a93-a7b6-ebb4303822d4,4,Mock Data,82,3,1,7
471cc829-4236-4a3f-9c23-da1e724ba3cb,7,Mock Data,90,5,3,17
0e099696-459c-40bf-b11e-1d1f0565b88c,4,Mock Data,50,2,4,3
306c98d5-2bed-4fa3-90ab-d7ec1dd5fc80,3,Mock Data,95,2,3,10
9ae87cbe-c43c-48c8-a935-71e66bf458c8,1,Mock Data,42,4,1,16
92bf8ed0-3773-49d4-ac57-99cf7350d9d6,3,Mock Data,77,3,11,9
ae90232d-de46-4fed-a68c-1c7c00200dcc,4,Mock Data,32,3,9,15
561644b9-bb51-4f7e-b283-d48c7895c2ba,7,Mock Data,29,0,4,9
75f117cc-e462-4684-a91f-7ce3461480b5,4,Mock Data,90,6,8,22
b27c7152-beac-46b0-ae95-79f5359430a4,4,Mock Data,78,2,1,14
df32fa78-b3bc-4a29-8cdf-9ad1ecbc6b47,2,Mock Data,39,0,6,4
a16432cd-372a-47da-91a9-78b277231919,2,Mock Data,65,3,7,19
90a760a8-f92c-4bdf-b915-bec369590c06,6,Mock Data,54,3,5,17
0285a15c-ff82-4180-b18a-4bf5d7d36a21,2,Mock Data,94,2,7,3
7501d505-06f7-42e9-b393-396e24c9a2f2,6,Mock Data,68,4,11,1
e26a3ed5-25e8-44a4-85fb-82a9e41972a3,7,Mock Data,32,0,10,17
82c66fb9-b62a-4bab-8ab0-77590be55c8c,6,Mock Data,94,1,7,21
9216b8e1-3b19-465f-9e22-177ffae9da7a,5,Mock Data,47,2,4,0
a1309385-206c-4e61-be69-1624b4cefe1a,6,Mock Data,47,5,8,14
49cf8b30-e937-4ea0-a331-946d94601d67,3,Mock Data,94,5,2,18
45bd06fe-c1b6-445a-af82-de0f3fd2ae58,3,Mock Data,82,1,2,1
e4159519-b723-47d7-829c-efdbe9a077fb,6,Mock Data,55,3,2,11
66e8f126-9532-4b39-b834-6ab24ec6e887,6,Mock Data,59,0,6,9
0b531028-8fd4-4911-8efe-5ffb07068e02,7,Mock Data,79,3,1,8
f3f83e45-b02f-4349-b21a-6c626a95531a,2,Mock Data,33,5,7,14
598b88db-2fc9-41a6-a197-8125af8b2721,3,Mock Data,50,2,1,16
14383cce-7ebe-4b8c-836d-e4b202aa777e,4,Mock Data,35,6,0,1
f2b7476e-f5fc-49d2-bd07-92e75b97dcf0,1,Mock Data,75,4,7,13
c7a06d85-7f09-419f-a335-749f7dc9061c,5,Mock Data,83,5,9,2
d7999410-20e0-468b-8681-55638f8e7123,3,Mock Data,65,2,7,15
ccb9ac72-b43c-4f88-a655-66b9a843219a,4,Mock Data,53,3,1,19
a98cedfb-cc5c-438f-8cf0-34b4fcf4093b,1,Mock Data,35,6,2,21
fd5d4a62-dbf2-4553-9be4-5a900d3e6526,5,Mock Data,81,6,0,17
8745458d-88a7-4755-9e6a-a0c666bf4368,6,Mock Data,22,4,6,16
7ee140dc-84eb-4952-8929-6600100f59d8,2,Mock Data,31,5,10,9
7310fcbd-6cca-48ea-b713-a2249bc54840,4,Mock Data,75,3,6,2
105888e3-d5f3-40a9-923e-d230ff162f6a,6,Mock Data,50,3,6,4
f7c4b42f-2f10-45af-8089-7609f41bf2dc,7,Mock Data,87,2,1,19
bb183353-69dc-4a24-ae33-a82a6dba34ff,2,Mock Data,48,3,0,21
40cdc3d3-a458-4e91-ad8c-0402b5b34a10,2,Mock Data,99,1,11,7
d35fc52c-5314-4754-b1de-af72b3800264,2,Mock Data,50,3,3,19
7cd2ed75-29c0-4f31-b9e3-af31c5d80650,7,Mock Data,56,0,7,6
e5224c2e-42ad-4b4f-90c8-262a2b236ea8,5,Mock Data,33,1,10,21
c4469d1e-c0ae-4e2c-a9af-8b2838d11676,1,Mock Data,43,2,2,5
9b2fe90d-ef6c-48c3-9ec1-72230629185e,4,Mock Data,46,2,10,3
d7e5bcb4-63f0-4119-b026-f0620037958d,2,Mock Data,61,4,8,17
4ccfb97f-bbb2-4243-aa26-75874119df37,4,Mock Data,47,5,5,19
1fedc99c-90bb-4db9-ac53-2429194b63db,4,Mock Data,98,1,5,20
f6e9e59b-564c-44d0-b9f7-e1c1bd5b183f,7,Mock Data,44,5,10,22
9af807e1-0e8d-4f2a-a5e5-8eae39c07bb3,1,Mock Data,73,0,5,1
03310a42-9028-4600-9d86-fda240c2b201,3,Mock Data,72,3,11,15
aa91f362-f110-42d7-a565-5a02798c3c5c,3,Mock Data,51,4,10,0
35b996b1-2ac3-45bb-8112-93005f1571ff,4,Mock Data,48,0,6,8
5c265b45-80a1-4c6c-8c2a-87fa69775533,7,Mock Data,26,3,7,16
4a154521-dea7-4bcd-a9c0-51c29aa02020,5,Mock Data,25,2,2,9
8aa53f97-6af8-4ac1-9ab3-2b4dfd4ca15f,2,Mock Data,79,2,0,23
22afbc11-6ebd-4e93-9667-9fba7d27f0c3,2,Mock Data,56,6,10,22
bd863fa4-0ccc-470d-8efe-a2b55e170783,4,Mock Data,58,1,8,21
9be692ee-a986-4322-af54-45038b4f91d7,2,Mock Data,63,2,5,22
c04a54a5-75b7-4018-b378-aeece6804aee,3,Mock Data,53,6,5,22
dba901f8-8f6a-44b9-8da5-fe43d34a7469,3,Mock Data,56,2,4,10
161af83d-4ee1-4228-ad8c-23848c3eeb76,5,Mock Data,67,0,4,2
5d41cd27-13c9-4d3b-ba81-69ede098084d,6,Mock Data,39,2,4,18
c9ae80a7-37d2-45c2-9943-4822edf986eb,3,Mock Data,65,3,0,10
727c7f17-c3e7-49aa-8a26-f9d1335c862b,2,Mock Data,47,5,7,15
fea354e3-0c38-4740-8422-d1cb25feaa8e,3,Mock Data,38,0,3,0
5a6e2fdc-e8d6-4627-98c6-743c176c7ba9,6,Mock Data,94,3,2,15
f609adcf-2604-4f9c-b9a6-20c3822bb919,3,Mock Data,98,2,0,14
2f8e4070-aa9f-431f-8f1c-056f1e7a1162,3,Mock Data,31,5,11,16
