[{"Ingredient": "Bourbon", "OZ_Available": "194.0"}, {"Ingredient": "Angostura bitters", "OZ_Available": "4.700000000000001"}, {"Ingredient": "Sugar", "OZ_Available": "99.54999999999998"}, {"Ingredient": "Orange Twist Garnish", "OZ_Available": "47.0"}, {"Ingredient": "Silver Tequila", "OZ_Available": "150"}, {"Ingredient": "Cointreau", "OZ_Available": "0"}, {"Ingredient": "Lime Juice", "OZ_Available": "100"}, {"Ingredient": "Salt", "OZ_Available": "100"}, {"Ingredient": "Citrus Vodka", "OZ_Available": "175"}, {"Ingredient": "Sweet Vermouth", "OZ_Available": "18.0"}, {"Ingredient": "Cranberry Juice", "OZ_Available": "100"}, {"Ingredient": "Gin", "OZ_Available": "118.0"}, {"Ingredient": "Campari", "OZ_Available": "28.0"}]