[{"category": "Login Success", "event": "Username: jsmith- Password: password321", "user": "jsmith", "date_time": "2022-04-04 21:34:46.448208", "drink_id": "2"}, {"category": "User Name Failure", "event": "Username:  - Password: ", "user": "None", "date_time": "2022-04-04 22:44:17.988537", "drink_id": "None"}, {"category": "Login Success", "event": "Username: nfarkas- Password: password123", "user": "nfarkas", "date_time": "2022-04-04 23:19:26.957678", "drink_id": "2"}, {"category": "Login Success", "event": "Username: nfarkas- Password: password123", "user": "nfarkas", "date_time": "2022-04-04 23:20:33.363214", "drink_id": "2"}, {"category": "Login Success", "event": "Username: nfarkas- Password: password123", "user": "nfarkas", "date_time": "2022-04-04 23:22:47.033190", "drink_id": "2"}, {"category": "Login Success", "event": "Username: nfarkas- Password: password123", "user": "nfarkas", "date_time": "2022-04-04 23:35:05.014677", "drink_id": "2"}, {"category": "Login Success", "event": "Username: nfarkas- Password: password123", "user": "nfarkas", "date_time": "2022-04-04 23:35:36.610035", "drink_id": "1"}, {"category": "Login Success", "event": "Username: nfarkas- Password: password123", "user": "nfarkas", "date_time": "2022-04-04 23:44:30.225449", "drink_id": "2"}, {"category": "Login Success", "event": "Username: jsmith- Password: password321", "user": "jsmith", "date_time": "2022-04-04 23:44:52.805058", "drink_id": "3"}, {"category": "Login Success", "event": "Username: jsmith- Password: password321", "user": "jsmith", "date_time": "2022-04-04 23:45:12.257715", "drink_id": "4"}, {"category": "Password Failure", "event": "Username: nfarkas - Password: password321", "user": "None", "date_time": "2022-04-04 23:46:46.573676", "drink_id": "None"}, {"category": "Login Success", "event": "Username: nfarkas- Password: password123", "user": "nfarkas", "date_time": "2022-04-04 23:47:15.235619", "drink_id": "4"}, {"category": "Login Success", "event": "Username: nfarkas - Password: password123", "user": "None", "date_time": "2022-04-05 03:40:38.298673", "drink_id": "None"}, {"category": "Login Success", "event": "Username: nfarkas - Password: password123", "user": "None", "date_time": "2022-04-05 03:40:48.216959", "drink_id": "None"}, {"category": "Login Success", "event": "Username: nfarkas - Password: password123", "user": "None", "date_time": "2022-04-05 03:42:49.332953", "drink_id": "None"}, {"category": "Login Success", "event": "Username: nfarkas - Password: password123", "user": "None", "date_time": "2022-04-05 03:43:40.800630", "drink_id": "None"}, {"category": "Login Success", "event": "Username: nfarkas - Password: password123", "user": "None", "date_time": "2022-04-05 03:51:24.653700", "drink_id": "None"}, {"category": "Login Success", "event": "Username: nfarkas - Password: password123", "user": "None", "date_time": "2022-04-05 04:01:36.863587", "drink_id": "None"}, {"category": "Login Success", "event": "Username: nfarkas - Password: password123", "user": "None", "date_time": "2022-04-05 06:24:59.796865", "drink_id": "None"}, {"category": "Login Success", "event": "Username: nfarkas - Password: password123", "user": "None", "date_time": "2022-04-05 06:31:00.731276", "drink_id": "None"}, {"category": "Login Success", "event": "Username: nfarkas - Password: password123", "user": "None", "date_time": "2022-04-05 06:35:27.063060", "drink_id": "None"}, {"category": "Login Success", "event": "Username: nfarkas - Password: password123", "user": "None", "date_time": "2022-04-05 13:54:46.629155", "drink_id": "None"}, {"category": "Login Success", "event": "Username: nfarkas - Password: password123", "user": "None", "date_time": "2022-04-05 14:53:56.516268", "drink_id": "None"}, {"category": "Login Success", "event": "Username: nfarkas - Password: password123", "user": "None", "date_time": "2022-04-05 15:10:21.618885", "drink_id": "None"}, {"category": "Login Success", "event": "Username: nfarkas - Password: password123", "user": "None", "date_time": "2022-04-05 15:14:04.833997", "drink_id": "None"}, {"category": "Login Success", "event": "Username: nfarkas - Password: password123", "user": "None", "date_time": "2022-04-05 15:16:38.765383", "drink_id": "None"}, {"category": "Login Success", "event": "Username: nfarkas - Password: password123", "user": "None", "date_time": "2022-04-05 15:21:37.063445", "drink_id": "None"}, {"category": "Login Success", "event": "Username: nfarkas - Password: password123", "user": "None", "date_time": "2022-04-05 15:28:34.909113", "drink_id": "None"}, {"category": "Login Success", "event": "Username: nfarkas - Password: password123", "user": "None", "date_time": "2022-04-05 15:31:31.514014", "drink_id": "None"}, {"category": "Login Success", "event": "Username: nfarkas - Password: password123", "user": "None", "date_time": "2022-04-05 15:42:31.543784", "drink_id": "None"}, {"category": "Login Success", "event": "Username: nfarkas - Password: password123", "user": "None", "date_time": "2022-04-05 16:10:03.732394", "drink_id": "None"}, {"category": "Password Failure", "event": "Username: nfarkas - Password: password", "user": "None", "date_time": "2022-04-05 16:11:08.883510", "drink_id": "None"}, {"category": "Login Success", "event": "Username: nfarkas - Password: password123", "user": "None", "date_time": "2022-04-05 16:11:19.648670", "drink_id": "None"}, {"category": "Password Failure", "event": "Username: nfarkas - Password: www", "user": "None", "date_time": "2022-04-05 16:19:38.268649", "drink_id": "None"}, {"category": "Password Failure", "event": "Username: nfarkas - Password: nfarkas", "user": "None", "date_time": "2022-04-05 16:20:53.904929", "drink_id": "None"}, {"category": "Password Failure", "event": "Username: nfarkas - Password: password", "user": "None", "date_time": "2022-04-05 16:21:28.787899", "drink_id": "None"}, {"category": "Login Success", "event": "Username: nfarkas - Password: password123", "user": "None", "date_time": "2022-04-05 16:22:29.769931", "drink_id": "None"}, {"category": "Login Success", "event": "Username: nfarkas - Password: password123", "user": "None", "date_time": "2022-04-05 16:24:13.871589", "drink_id": "None"}, {"category": "Login Success", "event": "Username: nfarkas - Password: password123", "user": "None", "date_time": "2022-04-05 16:25:35.539094", "drink_id": "None"}, {"category": "Login Success", "event": "Username: nfarkas - Password: password123", "user": "None", "date_time": "2022-04-05 16:34:04.012471", "drink_id": "None"}]